pokemon_id,pokemon_name,ability_name,ability_id,ability_slot,is_hidden
44,gloom,stench,1,3,True
88,grimer,stench,1,1,False
89,muk,stench,1,1,False
109,koffing,stench,1,3,True
110,weezing,stench,1,3,True
434,stunky,stench,1,1,False
435,skuntank,stench,1,1,False
568,trubbish,stench,1,1,False
569,garbodor,stench,1,1,False
10207,garbodor-gmax,stench,1,1,False
186,politoed,drizzle,2,3,True
279,pelipper,drizzle,2,2,False
382,kyogre,drizzle,2,1,False
193,yanma,speed-boost,3,1,False
255,torchic,speed-boost,3,3,True
256,combusken,speed-boost,3,3,True
257,blaziken,speed-boost,3,3,True
291,ninjask,speed-boost,3,1,False
318,carvanha,speed-boost,3,3,True
319,sharpedo,speed-boost,3,3,True
469,yanmega,speed-boost,3,1,False
543,venipede,speed-boost,3,3,True
544,whirlipede,speed-boost,3,3,True
545,scolipede,speed-boost,3,3,True
955,flittle,speed-boost,3,3,True
956,espathra,speed-boost,3,3,True
10050,blaziken-mega,speed-boost,3,1,False
104,cubone,battle-armor,4,3,True
105,marowak,battle-armor,4,3,True
140,kabuto,battle-armor,4,2,False
141,kabutops,battle-armor,4,2,False
347,anorith,battle-armor,4,1,False
348,armaldo,battle-armor,4,1,False
451,skorupi,battle-armor,4,1,False
452,drapion,battle-armor,4,1,False
772,type-null,battle-armor,4,1,False
863,perrserker,battle-armor,4,1,False
870,falinks,battle-armor,4,1,False
74,geodude,sturdy,5,2,False
75,graveler,sturdy,5,2,False
76,golem,sturdy,5,2,False
81,magnemite,sturdy,5,2,False
82,magneton,sturdy,5,2,False
95,onix,sturdy,5,2,False
185,sudowoodo,sturdy,5,1,False
204,pineco,sturdy,5,1,False
205,forretress,sturdy,5,1,False
208,steelix,sturdy,5,2,False
213,shuckle,sturdy,5,1,False
227,skarmory,sturdy,5,2,False
232,donphan,sturdy,5,1,False
299,nosepass,sturdy,5,1,False
304,aron,sturdy,5,1,False
305,lairon,sturdy,5,1,False
306,aggron,sturdy,5,1,False
369,relicanth,sturdy,5,3,True
377,regirock,sturdy,5,3,True
410,shieldon,sturdy,5,1,False
411,bastiodon,sturdy,5,1,False
438,bonsly,sturdy,5,1,False
462,magnezone,sturdy,5,2,False
476,probopass,sturdy,5,1,False
524,roggenrola,sturdy,5,1,False
525,boldore,sturdy,5,1,False
526,gigalith,sturdy,5,1,False
539,sawk,sturdy,5,1,False
557,dwebble,sturdy,5,1,False
558,crustle,sturdy,5,1,False
564,tirtouga,sturdy,5,2,False
565,carracosta,sturdy,5,2,False
696,tyrunt,sturdy,5,3,True
703,carbink,sturdy,5,3,True
712,bergmite,sturdy,5,3,True
713,avalugg,sturdy,5,3,True
777,togedemaru,sturdy,5,3,True
790,cosmoem,sturdy,5,1,False
932,nacli,sturdy,5,2,False
933,naclstack,sturdy,5,2,False
934,garganacl,sturdy,5,2,False
1018,archaludon,sturdy,5,2,False
10109,geodude-alola,sturdy,5,2,False
10110,graveler-alola,sturdy,5,2,False
10111,golem-alola,sturdy,5,2,False
10154,togedemaru-totem,sturdy,5,3,True
10243,avalugg-hisui,sturdy,5,3,True
10275,ogerpon-cornerstone-mask,sturdy,5,1,False
46,paras,damp,6,3,True
47,parasect,damp,6,3,True
54,psyduck,damp,6,1,False
55,golduck,damp,6,1,False
60,poliwag,damp,6,2,False
61,poliwhirl,damp,6,2,False
62,poliwrath,damp,6,2,False
116,horsea,damp,6,3,True
117,seadra,damp,6,3,True
186,politoed,damp,6,2,False
194,wooper,damp,6,1,False
195,quagsire,damp,6,1,False
230,kingdra,damp,6,3,True
258,mudkip,damp,6,3,True
259,marshtomp,damp,6,3,True
260,swampert,damp,6,3,True
592,frillish-male,damp,6,3,True
593,jellicent-male,damp,6,3,True
938,tadbulb,damp,6,3,True
939,bellibolt,damp,6,3,True
53,persian,limber,7,1,False
106,hitmonlee,limber,7,1,False
132,ditto,limber,7,1,False
427,buneary,limber,7,3,True
428,lopunny,limber,7,3,True
431,glameow,limber,7,1,False
509,purrloin,limber,7,1,False
510,liepard,limber,7,1,False
618,stunfisk,limber,7,2,False
701,hawlucha,limber,7,1,False
747,mareanie,limber,7,2,False
748,toxapex,limber,7,2,False
852,clobbopus,limber,7,1,False
853,grapploct,limber,7,1,False
27,sandshrew,sand-veil,8,1,False
28,sandslash,sand-veil,8,1,False
50,diglett,sand-veil,8,1,False
51,dugtrio,sand-veil,8,1,False
74,geodude,sand-veil,8,3,True
75,graveler,sand-veil,8,3,True
76,golem,sand-veil,8,3,True
207,gligar,sand-veil,8,2,False
231,phanpy,sand-veil,8,3,True
232,donphan,sand-veil,8,3,True
246,larvitar,sand-veil,8,3,True
331,cacnea,sand-veil,8,1,False
332,cacturne,sand-veil,8,1,False
443,gible,sand-veil,8,1,False
444,gabite,sand-veil,8,1,False
445,garchomp,sand-veil,8,1,False
472,gliscor,sand-veil,8,2,False
618,stunfisk,sand-veil,8,3,True
694,helioptile,sand-veil,8,2,False
695,heliolisk,sand-veil,8,2,False
769,sandygast,sand-veil,8,3,True
770,palossand,sand-veil,8,3,True
843,silicobra,sand-veil,8,3,True
844,sandaconda,sand-veil,8,3,True
960,wiglett,sand-veil,8,3,True
961,wugtrio,sand-veil,8,3,True
968,orthworm,sand-veil,8,3,True
10105,diglett-alola,sand-veil,8,1,False
10106,dugtrio-alola,sand-veil,8,1,False
10218,sandaconda-gmax,sand-veil,8,3,True
25,pikachu,static,9,1,False
26,raichu,static,9,1,False
100,voltorb,static,9,2,False
101,electrode,static,9,2,False
125,electabuzz,static,9,1,False
145,zapdos,static,9,3,True
172,pichu,static,9,1,False
179,mareep,static,9,1,False
180,flaaffy,static,9,1,False
181,ampharos,static,9,1,False
239,elekid,static,9,1,False
309,electrike,static,9,1,False
310,manectric,static,9,1,False
587,emolga,static,9,1,False
618,stunfisk,static,9,1,False
848,toxel,static,9,2,False
881,arctozolt,static,9,2,False
921,pawmi,static,9,1,False
938,tadbulb,static,9,2,False
939,bellibolt,static,9,2,False
10080,pikachu-rock-star,static,9,1,False
10081,pikachu-belle,static,9,1,False
10082,pikachu-pop-star,static,9,1,False
10083,pikachu-phd,static,9,1,False
10084,pikachu-libre,static,9,1,False
10085,pikachu-cosplay,static,9,1,False
10094,pikachu-original-cap,static,9,1,False
10095,pikachu-hoenn-cap,static,9,1,False
10096,pikachu-sinnoh-cap,static,9,1,False
10097,pikachu-unova-cap,static,9,1,False
10098,pikachu-kalos-cap,static,9,1,False
10099,pikachu-alola-cap,static,9,1,False
10148,pikachu-partner-cap,static,9,1,False
10158,pikachu-starter,static,9,1,False
10160,pikachu-world-cap,static,9,1,False
10199,pikachu-gmax,static,9,1,False
10231,voltorb-hisui,static,9,2,False
10232,electrode-hisui,static,9,2,False
135,jolteon,volt-absorb,10,1,False
170,chinchou,volt-absorb,10,1,False
171,lanturn,volt-absorb,10,1,False
312,minun,volt-absorb,10,3,True
417,pachirisu,volt-absorb,10,3,True
807,zeraora,volt-absorb,10,1,False
880,dracozolt,volt-absorb,10,1,False
881,arctozolt,volt-absorb,10,1,False
922,pawmo,volt-absorb,10,1,False
923,pawmot,volt-absorb,10,1,False
940,wattrel,volt-absorb,10,2,False
941,kilowattrel,volt-absorb,10,2,False
10020,thundurus-therian,volt-absorb,10,1,False
60,poliwag,water-absorb,11,1,False
61,poliwhirl,water-absorb,11,1,False
62,poliwrath,water-absorb,11,1,False
131,lapras,water-absorb,11,1,False
134,vaporeon,water-absorb,11,1,False
170,chinchou,water-absorb,11,3,True
171,lanturn,water-absorb,11,3,True
186,politoed,water-absorb,11,1,False
194,wooper,water-absorb,11,2,False
195,quagsire,water-absorb,11,2,False
226,mantine,water-absorb,11,2,False
331,cacnea,water-absorb,11,3,True
332,cacturne,water-absorb,11,3,True
458,mantyke,water-absorb,11,2,False
535,tympole,water-absorb,11,3,True
536,palpitoad,water-absorb,11,3,True
537,seismitoad,water-absorb,11,3,True
556,maractus,water-absorb,11,1,False
592,frillish-male,water-absorb,11,1,False
593,jellicent-male,water-absorb,11,1,False
721,volcanion,water-absorb,11,1,False
751,dewpider,water-absorb,11,3,True
752,araquanid,water-absorb,11,3,True
882,dracovish,water-absorb,11,1,False
883,arctovish,water-absorb,11,1,False
980,clodsire,water-absorb,11,2,False
10153,araquanid-totem,water-absorb,11,3,True
10204,lapras-gmax,water-absorb,11,1,False
10253,wooper-paldea,water-absorb,11,2,False
10273,ogerpon-wellspring-mask,water-absorb,11,1,False
79,slowpoke,oblivious,12,1,False
80,slowbro,oblivious,12,1,False
108,lickitung,oblivious,12,2,False
124,jynx,oblivious,12,1,False
199,slowking,oblivious,12,1,False
220,swinub,oblivious,12,1,False
221,piloswine,oblivious,12,1,False
238,smoochum,oblivious,12,1,False
314,illumise,oblivious,12,1,False
320,wailmer,oblivious,12,2,False
321,wailord,oblivious,12,2,False
322,numel,oblivious,12,1,False
339,barboach,oblivious,12,1,False
340,whiscash,oblivious,12,1,False
349,feebas,oblivious,12,2,False
363,spheal,oblivious,12,3,True
364,sealeo,oblivious,12,3,True
365,walrein,oblivious,12,3,True
463,lickilicky,oblivious,12,2,False
473,mamoswine,oblivious,12,1,False
757,salandit,oblivious,12,3,True
758,salazzle,oblivious,12,3,True
761,bounsweet,oblivious,12,2,False
762,steenee,oblivious,12,2,False
977,dondozo,oblivious,12,2,False
10129,salazzle-totem,oblivious,12,3,True
54,psyduck,cloud-nine,13,2,False
55,golduck,cloud-nine,13,2,False
108,lickitung,cloud-nine,13,3,True
333,swablu,cloud-nine,13,3,True
334,altaria,cloud-nine,13,3,True
463,lickilicky,cloud-nine,13,3,True
780,drampa,cloud-nine,13,3,True
12,butterfree,compound-eyes,14,1,False
48,venonat,compound-eyes,14,1,False
193,yanma,compound-eyes,14,2,False
269,dustox,compound-eyes,14,3,True
290,nincada,compound-eyes,14,1,False
595,joltik,compound-eyes,14,1,False
596,galvantula,compound-eyes,14,1,False
664,scatterbug,compound-eyes,14,2,False
666,vivillon,compound-eyes,14,2,False
824,blipbug,compound-eyes,14,2,False
825,dottler,compound-eyes,14,2,False
953,rellor,compound-eyes,14,1,False
10198,butterfree-gmax,compound-eyes,14,1,False
96,drowzee,insomnia,15,1,False
97,hypno,insomnia,15,1,False
163,hoothoot,insomnia,15,1,False
164,noctowl,insomnia,15,1,False
167,spinarak,insomnia,15,2,False
168,ariados,insomnia,15,2,False
198,murkrow,insomnia,15,1,False
225,delibird,insomnia,15,3,True
353,shuppet,insomnia,15,1,False
354,banette,insomnia,15,1,False
430,honchkrow,insomnia,15,1,False
710,pumpkaboo-average,insomnia,15,3,True
711,gourgeist-average,insomnia,15,3,True
917,tarountula,insomnia,15,1,False
918,spidops,insomnia,15,1,False
951,capsakid,insomnia,15,2,False
952,scovillain,insomnia,15,2,False
10027,pumpkaboo-small,insomnia,15,3,True
10028,pumpkaboo-large,insomnia,15,3,True
10029,pumpkaboo-super,insomnia,15,3,True
10030,gourgeist-small,insomnia,15,3,True
10031,gourgeist-large,insomnia,15,3,True
10032,gourgeist-super,insomnia,15,3,True
10044,mewtwo-mega-y,insomnia,15,1,False
352,kecleon,color-change,16,1,False
143,snorlax,immunity,17,1,False
207,gligar,immunity,17,3,True
335,zangoose,immunity,17,1,False
10206,snorlax-gmax,immunity,17,1,False
37,vulpix,flash-fire,18,1,False
38,ninetales,flash-fire,18,1,False
58,growlithe,flash-fire,18,2,False
59,arcanine,flash-fire,18,2,False
77,ponyta,flash-fire,18,2,False
78,rapidash,flash-fire,18,2,False
136,flareon,flash-fire,18,1,False
155,cyndaquil,flash-fire,18,3,True
156,quilava,flash-fire,18,3,True
157,typhlosion,flash-fire,18,3,True
228,houndour,flash-fire,18,2,False
229,houndoom,flash-fire,18,2,False
485,heatran,flash-fire,18,1,False
607,litwick,flash-fire,18,1,False
608,lampent,flash-fire,18,1,False
609,chandelure,flash-fire,18,1,False
631,heatmor,flash-fire,18,2,False
837,rolycoly,flash-fire,18,3,True
838,carkol,flash-fire,18,3,True
839,coalossal,flash-fire,18,3,True
850,sizzlipede,flash-fire,18,1,False
851,centiskorch,flash-fire,18,1,False
935,charcadet,flash-fire,18,1,False
936,armarouge,flash-fire,18,1,False
937,ceruledge,flash-fire,18,1,False
10215,coalossal-gmax,flash-fire,18,3,True
10220,centiskorch-gmax,flash-fire,18,1,False
10229,growlithe-hisui,flash-fire,18,2,False
10230,arcanine-hisui,flash-fire,18,2,False
10,caterpie,shield-dust,19,1,False
13,weedle,shield-dust,19,1,False
49,venomoth,shield-dust,19,1,False
265,wurmple,shield-dust,19,1,False
269,dustox,shield-dust,19,1,False
664,scatterbug,shield-dust,19,1,False
666,vivillon,shield-dust,19,1,False
742,cutiefly,shield-dust,19,2,False
743,ribombee,shield-dust,19,2,False
872,snom,shield-dust,19,1,False
873,frosmoth,shield-dust,19,1,False
10150,ribombee-totem,shield-dust,19,2,False
79,slowpoke,own-tempo,20,2,False
80,slowbro,own-tempo,20,2,False
108,lickitung,own-tempo,20,1,False
199,slowking,own-tempo,20,2,False
235,smeargle,own-tempo,20,1,False
270,lotad,own-tempo,20,3,True
271,lombre,own-tempo,20,3,True
272,ludicolo,own-tempo,20,3,True
322,numel,own-tempo,20,3,True
325,spoink,own-tempo,20,2,False
326,grumpig,own-tempo,20,2,False
327,spinda,own-tempo,20,1,False
431,glameow,own-tempo,20,2,False
432,purugly,own-tempo,20,2,False
463,lickilicky,own-tempo,20,1,False
548,petilil,own-tempo,20,2,False
549,lilligant,own-tempo,20,2,False
677,espurr,own-tempo,20,3,True
712,bergmite,own-tempo,20,1,False
713,avalugg,own-tempo,20,1,False
749,mudbray,own-tempo,20,1,False
750,mudsdale,own-tempo,20,1,False
924,tandemaus,own-tempo,20,3,True
926,fidough,own-tempo,20,1,False
938,tadbulb,own-tempo,20,1,False
957,tinkatink,own-tempo,20,2,False
958,tinkatuff,own-tempo,20,2,False
959,tinkaton,own-tempo,20,2,False
10151,rockruff-own-tempo,own-tempo,20,1,False
10164,slowpoke-galar,own-tempo,20,2,False
10165,slowbro-galar,own-tempo,20,2,False
10172,slowking-galar,own-tempo,20,2,False
10186,indeedee-female,own-tempo,20,1,False
224,octillery,suction-cups,21,1,False
345,lileep,suction-cups,21,1,False
346,cradily,suction-cups,21,1,False
686,inkay,suction-cups,21,2,False
687,malamar,suction-cups,21,2,False
23,ekans,intimidate,22,1,False
24,arbok,intimidate,22,1,False
58,growlithe,intimidate,22,1,False
59,arcanine,intimidate,22,1,False
128,tauros,intimidate,22,1,False
130,gyarados,intimidate,22,1,False
209,snubbull,intimidate,22,1,False
210,granbull,intimidate,22,1,False
211,qwilfish,intimidate,22,3,True
234,stantler,intimidate,22,1,False
237,hitmontop,intimidate,22,1,False
262,mightyena,intimidate,22,1,False
284,masquerain,intimidate,22,1,False
303,mawile,intimidate,22,2,False
373,salamence,intimidate,22,1,False
397,staravia,intimidate,22,1,False
398,staraptor,intimidate,22,1,False
403,shinx,intimidate,22,2,False
404,luxio,intimidate,22,2,False
405,luxray,intimidate,22,2,False
507,herdier,intimidate,22,1,False
508,stoutland,intimidate,22,1,False
551,sandile,intimidate,22,1,False
552,krokorok,intimidate,22,1,False
553,krookodile,intimidate,22,1,False
559,scraggy,intimidate,22,3,True
560,scrafty,intimidate,22,3,True
725,litten,intimidate,22,3,True
726,torracat,intimidate,22,3,True
727,incineroar,intimidate,22,3,True
899,wyrdeer,intimidate,22,1,False
904,overqwil,intimidate,22,3,True
931,squawkabilly-green-plumage,intimidate,22,1,False
942,maschiff,intimidate,22,1,False
943,mabosstiff,intimidate,22,1,False
10021,landorus-therian,intimidate,22,1,False
10055,manectric-mega,intimidate,22,1,False
10229,growlithe-hisui,intimidate,22,1,False
10230,arcanine-hisui,intimidate,22,1,False
10234,qwilfish-hisui,intimidate,22,3,True
10250,tauros-paldea-combat-breed,intimidate,22,1,False
10251,tauros-paldea-blaze-breed,intimidate,22,1,False
10252,tauros-paldea-aqua-breed,intimidate,22,1,False
10260,squawkabilly-blue-plumage,intimidate,22,1,False
10261,squawkabilly-yellow-plumage,intimidate,22,1,False
10262,squawkabilly-white-plumage,intimidate,22,1,False
202,wobbuffet,shadow-tag,23,1,False
360,wynaut,shadow-tag,23,1,False
574,gothita,shadow-tag,23,3,True
575,gothorita,shadow-tag,23,3,True
576,gothitelle,shadow-tag,23,3,True
10038,gengar-mega,shadow-tag,23,1,False
318,carvanha,rough-skin,24,1,False
319,sharpedo,rough-skin,24,1,False
443,gible,rough-skin,24,3,True
444,gabite,rough-skin,24,3,True
445,garchomp,rough-skin,24,3,True
621,druddigon,rough-skin,24,1,False
292,shedinja,wonder-guard,25,1,False
92,gastly,levitate,26,1,False
93,haunter,levitate,26,1,False
109,koffing,levitate,26,1,False
110,weezing,levitate,26,1,False
200,misdreavus,levitate,26,1,False
201,unown,levitate,26,1,False
329,vibrava,levitate,26,1,False
330,flygon,levitate,26,1,False
337,lunatone,levitate,26,1,False
338,solrock,levitate,26,1,False
343,baltoy,levitate,26,1,False
344,claydol,levitate,26,1,False
355,duskull,levitate,26,1,False
358,chimecho,levitate,26,1,False
380,latias,levitate,26,1,False
381,latios,levitate,26,1,False
429,mismagius,levitate,26,1,False
433,chingling,levitate,26,1,False
436,bronzor,levitate,26,1,False
437,bronzong,levitate,26,1,False
455,carnivine,levitate,26,1,False
479,rotom,levitate,26,1,False
480,uxie,levitate,26,1,False
481,mesprit,levitate,26,1,False
482,azelf,levitate,26,1,False
488,cresselia,levitate,26,1,False
602,tynamo,levitate,26,1,False
603,eelektrik,levitate,26,1,False
604,eelektross,levitate,26,1,False
615,cryogonal,levitate,26,1,False
635,hydreigon,levitate,26,1,False
738,vikavolt,levitate,26,1,False
10007,giratina-origin,levitate,26,1,False
10008,rotom-heat,levitate,26,1,False
10009,rotom-wash,levitate,26,1,False
10010,rotom-frost,levitate,26,1,False
10011,rotom-fan,levitate,26,1,False
10012,rotom-mow,levitate,26,1,False
10062,latias-mega,levitate,26,1,False
10063,latios-mega,levitate,26,1,False
10122,vikavolt-totem,levitate,26,1,False
10167,weezing-galar,levitate,26,1,False
10293,delphox-mega,levitate,26,1,False
10306,chimecho-mega,levitate,26,1,False
45,vileplume,effect-spore,27,3,True
46,paras,effect-spore,27,1,False
47,parasect,effect-spore,27,1,False
285,shroomish,effect-spore,27,1,False
286,breloom,effect-spore,27,1,False
590,foongus,effect-spore,27,1,False
591,amoonguss,effect-spore,27,1,False
755,morelull,effect-spore,27,2,False
756,shiinotic,effect-spore,27,2,False
829,gossifleur,effect-spore,27,3,True
830,eldegoss,effect-spore,27,3,True
63,abra,synchronize,28,1,False
64,kadabra,synchronize,28,1,False
65,alakazam,synchronize,28,1,False
151,mew,synchronize,28,1,False
177,natu,synchronize,28,1,False
178,xatu,synchronize,28,1,False
196,espeon,synchronize,28,1,False
197,umbreon,synchronize,28,1,False
280,ralts,synchronize,28,1,False
281,kirlia,synchronize,28,1,False
282,gardevoir,synchronize,28,1,False
517,munna,synchronize,28,2,False
518,musharna,synchronize,28,2,False
605,elgyem,synchronize,28,2,False
606,beheeyem,synchronize,28,2,False
876,indeedee-male,synchronize,28,2,False
954,rabsca,synchronize,28,1,False
10186,indeedee-female,synchronize,28,2,False
72,tentacool,clear-body,29,1,False
73,tentacruel,clear-body,29,1,False
374,beldum,clear-body,29,1,False
375,metang,clear-body,29,1,False
376,metagross,clear-body,29,1,False
377,regirock,clear-body,29,1,False
378,regice,clear-body,29,1,False
379,registeel,clear-body,29,1,False
599,klink,clear-body,29,3,True
600,klang,clear-body,29,3,True
601,klinklang,clear-body,29,3,True
703,carbink,clear-body,29,1,False
719,diancie,clear-body,29,1,False
885,dreepy,clear-body,29,1,False
886,drakloak,clear-body,29,1,False
887,dragapult,clear-body,29,1,False
932,nacli,clear-body,29,3,True
933,naclstack,clear-body,29,3,True
934,garganacl,clear-body,29,3,True
113,chansey,natural-cure,30,1,False
120,staryu,natural-cure,30,2,False
121,starmie,natural-cure,30,2,False
222,corsola,natural-cure,30,2,False
242,blissey,natural-cure,30,1,False
251,celebi,natural-cure,30,1,False
315,roselia,natural-cure,30,1,False
333,swablu,natural-cure,30,1,False
334,altaria,natural-cure,30,1,False
406,budew,natural-cure,30,1,False
407,roserade,natural-cure,30,1,False
440,happiny,natural-cure,30,1,False
492,shaymin-land,natural-cure,30,1,False
708,phantump,natural-cure,30,1,False
709,trevenant,natural-cure,30,1,False
764,comfey,natural-cure,30,3,True
921,pawmi,natural-cure,30,2,False
922,pawmo,natural-cure,30,2,False
923,pawmot,natural-cure,30,2,False
25,pikachu,lightning-rod,31,3,True
26,raichu,lightning-rod,31,3,True
104,cubone,lightning-rod,31,2,False
105,marowak,lightning-rod,31,2,False
111,rhyhorn,lightning-rod,31,1,False
112,rhydon,lightning-rod,31,1,False
118,goldeen,lightning-rod,31,3,True
119,seaking,lightning-rod,31,3,True
172,pichu,lightning-rod,31,3,True
309,electrike,lightning-rod,31,2,False
310,manectric,lightning-rod,31,2,False
311,plusle,lightning-rod,31,3,True
464,rhyperior,lightning-rod,31,1,False
522,blitzle,lightning-rod,31,1,False
523,zebstrika,lightning-rod,31,1,False
777,togedemaru,lightning-rod,31,2,False
871,pincurchin,lightning-rod,31,1,False
10065,sceptile-mega,lightning-rod,31,1,False
10080,pikachu-rock-star,lightning-rod,31,3,True
10081,pikachu-belle,lightning-rod,31,3,True
10082,pikachu-pop-star,lightning-rod,31,3,True
10083,pikachu-phd,lightning-rod,31,3,True
10084,pikachu-libre,lightning-rod,31,3,True
10085,pikachu-cosplay,lightning-rod,31,3,True
10094,pikachu-original-cap,lightning-rod,31,3,True
10095,pikachu-hoenn-cap,lightning-rod,31,3,True
10096,pikachu-sinnoh-cap,lightning-rod,31,3,True
10097,pikachu-unova-cap,lightning-rod,31,3,True
10098,pikachu-kalos-cap,lightning-rod,31,3,True
10099,pikachu-alola-cap,lightning-rod,31,3,True
10115,marowak-alola,lightning-rod,31,2,False
10148,pikachu-partner-cap,lightning-rod,31,3,True
10149,marowak-totem,lightning-rod,31,2,False
10154,togedemaru-totem,lightning-rod,31,2,False
10158,pikachu-starter,lightning-rod,31,3,True
10160,pikachu-world-cap,lightning-rod,31,3,True
10199,pikachu-gmax,lightning-rod,31,3,True
113,chansey,serene-grace,32,2,False
175,togepi,serene-grace,32,2,False
176,togetic,serene-grace,32,2,False
206,dunsparce,serene-grace,32,1,False
242,blissey,serene-grace,32,2,False
385,jirachi,serene-grace,32,1,False
440,happiny,serene-grace,32,2,False
468,togekiss,serene-grace,32,2,False
585,deerling,serene-grace,32,3,True
586,sawsbuck,serene-grace,32,3,True
648,meloetta-aria,serene-grace,32,1,False
982,dudunsparce-two-segment,serene-grace,32,1,False
10006,shaymin-sky,serene-grace,32,1,False
10018,meloetta-pirouette,serene-grace,32,1,False
10255,dudunsparce-three-segment,serene-grace,32,1,False
54,psyduck,swift-swim,33,3,True
55,golduck,swift-swim,33,3,True
60,poliwag,swift-swim,33,3,True
61,poliwhirl,swift-swim,33,3,True
62,poliwrath,swift-swim,33,3,True
116,horsea,swift-swim,33,1,False
118,goldeen,swift-swim,33,1,False
119,seaking,swift-swim,33,1,False
129,magikarp,swift-swim,33,1,False
138,omanyte,swift-swim,33,1,False
139,omastar,swift-swim,33,1,False
140,kabuto,swift-swim,33,1,False
141,kabutops,swift-swim,33,1,False
211,qwilfish,swift-swim,33,2,False
226,mantine,swift-swim,33,1,False
230,kingdra,swift-swim,33,1,False
270,lotad,swift-swim,33,1,False
271,lombre,swift-swim,33,1,False
272,ludicolo,swift-swim,33,1,False
283,surskit,swift-swim,33,1,False
347,anorith,swift-swim,33,3,True
348,armaldo,swift-swim,33,3,True
349,feebas,swift-swim,33,1,False
367,huntail,swift-swim,33,1,False
368,gorebyss,swift-swim,33,1,False
369,relicanth,swift-swim,33,1,False
370,luvdisc,swift-swim,33,1,False
418,buizel,swift-swim,33,1,False
419,floatzel,swift-swim,33,1,False
456,finneon,swift-swim,33,1,False
457,lumineon,swift-swim,33,1,False
458,mantyke,swift-swim,33,1,False
535,tympole,swift-swim,33,1,False
536,palpitoad,swift-swim,33,1,False
537,seismitoad,swift-swim,33,1,False
564,tirtouga,swift-swim,33,3,True
565,carracosta,swift-swim,33,3,True
614,beartic,swift-swim,33,3,True
833,chewtle,swift-swim,33,3,True
834,drednaw,swift-swim,33,3,True
846,arrokuda,swift-swim,33,1,False
847,barraskewda,swift-swim,33,1,False
902,basculegion-male,swift-swim,33,1,False
904,overqwil,swift-swim,33,2,False
10064,swampert-mega,swift-swim,33,1,False
10214,drednaw-gmax,swift-swim,33,3,True
10234,qwilfish-hisui,swift-swim,33,2,False
10248,basculegion-female,swift-swim,33,1,False
1,bulbasaur,chlorophyll,34,3,True
2,ivysaur,chlorophyll,34,3,True
3,venusaur,chlorophyll,34,3,True
43,oddish,chlorophyll,34,1,False
44,gloom,chlorophyll,34,1,False
45,vileplume,chlorophyll,34,1,False
69,bellsprout,chlorophyll,34,1,False
70,weepinbell,chlorophyll,34,1,False
71,victreebel,chlorophyll,34,1,False
102,exeggcute,chlorophyll,34,1,False
103,exeggutor,chlorophyll,34,1,False
114,tangela,chlorophyll,34,1,False
182,bellossom,chlorophyll,34,1,False
187,hoppip,chlorophyll,34,1,False
188,skiploom,chlorophyll,34,1,False
189,jumpluff,chlorophyll,34,1,False
191,sunkern,chlorophyll,34,1,False
192,sunflora,chlorophyll,34,1,False
273,seedot,chlorophyll,34,1,False
274,nuzleaf,chlorophyll,34,1,False
275,shiftry,chlorophyll,34,1,False
357,tropius,chlorophyll,34,1,False
420,cherubi,chlorophyll,34,1,False
465,tangrowth,chlorophyll,34,1,False
470,leafeon,chlorophyll,34,3,True
540,sewaddle,chlorophyll,34,2,False
541,swadloon,chlorophyll,34,2,False
542,leavanny,chlorophyll,34,2,False
546,cottonee,chlorophyll,34,3,True
547,whimsicott,chlorophyll,34,3,True
548,petilil,chlorophyll,34,1,False
549,lilligant,chlorophyll,34,1,False
556,maractus,chlorophyll,34,2,False
585,deerling,chlorophyll,34,1,False
586,sawsbuck,chlorophyll,34,1,False
951,capsakid,chlorophyll,34,1,False
952,scovillain,chlorophyll,34,1,False
10195,venusaur-gmax,chlorophyll,34,3,True
10237,lilligant-hisui,chlorophyll,34,1,False
120,staryu,illuminate,35,1,False
121,starmie,illuminate,35,1,False
170,chinchou,illuminate,35,2,False
171,lanturn,illuminate,35,2,False
313,volbeat,illuminate,35,1,False
505,watchog,illuminate,35,1,False
755,morelull,illuminate,35,1,False
756,shiinotic,illuminate,35,1,False
137,porygon,trace,36,1,False
233,porygon2,trace,36,1,False
280,ralts,trace,36,2,False
281,kirlia,trace,36,2,False
282,gardevoir,trace,36,2,False
10037,alakazam-mega,trace,36,1,False
10314,meowstic-mega,trace,36,1,False
183,marill,huge-power,37,2,False
184,azumarill,huge-power,37,2,False
298,azurill,huge-power,37,2,False
659,bunnelby,huge-power,37,3,True
660,diggersby,huge-power,37,3,True
10052,mawile-mega,huge-power,37,1,False
10280,starmie-mega,huge-power,37,1,False
29,nidoran-f,poison-point,38,1,False
30,nidorina,poison-point,38,1,False
31,nidoqueen,poison-point,38,1,False
32,nidoran-m,poison-point,38,1,False
33,nidorino,poison-point,38,1,False
34,nidoking,poison-point,38,1,False
117,seadra,poison-point,38,1,False
211,qwilfish,poison-point,38,1,False
315,roselia,poison-point,38,2,False
406,budew,poison-point,38,2,False
407,roserade,poison-point,38,2,False
543,venipede,poison-point,38,1,False
544,whirlipede,poison-point,38,1,False
545,scolipede,poison-point,38,1,False
690,skrelp,poison-point,38,1,False
691,dragalge,poison-point,38,1,False
904,overqwil,poison-point,38,1,False
980,clodsire,poison-point,38,1,False
10234,qwilfish-hisui,poison-point,38,1,False
10253,wooper-paldea,poison-point,38,1,False
41,zubat,inner-focus,39,1,False
42,golbat,inner-focus,39,1,False
63,abra,inner-focus,39,2,False
64,kadabra,inner-focus,39,2,False
65,alakazam,inner-focus,39,2,False
83,farfetchd,inner-focus,39,2,False
96,drowzee,inner-focus,39,3,True
97,hypno,inner-focus,39,3,True
107,hitmonchan,inner-focus,39,3,True
115,kangaskhan,inner-focus,39,3,True
149,dragonite,inner-focus,39,1,False
169,crobat,inner-focus,39,1,False
197,umbreon,inner-focus,39,3,True
203,girafarig,inner-focus,39,1,False
215,sneasel,inner-focus,39,1,False
243,raikou,inner-focus,39,3,True
244,entei,inner-focus,39,3,True
245,suicune,inner-focus,39,3,True
361,snorunt,inner-focus,39,1,False
362,glalie,inner-focus,39,1,False
447,riolu,inner-focus,39,2,False
448,lucario,inner-focus,39,2,False
538,throh,inner-focus,39,2,False
539,sawk,inner-focus,39,2,False
554,darumaka,inner-focus,39,3,True
619,mienfoo,inner-focus,39,1,False
620,mienshao,inner-focus,39,1,False
624,pawniard,inner-focus,39,2,False
625,bisharp,inner-focus,39,2,False
749,mudbray,inner-focus,39,3,True
750,mudsdale,inner-focus,39,3,True
765,oranguru,inner-focus,39,1,False
876,indeedee-male,inner-focus,39,1,False
891,kubfu,inner-focus,39,1,False
979,annihilape,inner-focus,39,2,False
10068,gallade-mega,inner-focus,39,1,False
10176,darumaka-galar,inner-focus,39,3,True
10235,sneasel-hisui,inner-focus,39,1,False
218,slugma,magma-armor,40,1,False
219,magcargo,magma-armor,40,1,False
323,camerupt,magma-armor,40,1,False
118,goldeen,water-veil,41,2,False
119,seaking,water-veil,41,2,False
226,mantine,water-veil,41,3,True
320,wailmer,water-veil,41,1,False
321,wailord,water-veil,41,1,False
367,huntail,water-veil,41,3,True
418,buizel,water-veil,41,3,True
419,floatzel,water-veil,41,3,True
456,finneon,water-veil,41,3,True
457,lumineon,water-veil,41,3,True
458,mantyke,water-veil,41,3,True
963,finizen,water-veil,41,1,False
977,dondozo,water-veil,41,3,True
81,magnemite,magnet-pull,42,1,False
82,magneton,magnet-pull,42,1,False
299,nosepass,magnet-pull,42,2,False
462,magnezone,magnet-pull,42,1,False
476,probopass,magnet-pull,42,2,False
808,meltan,magnet-pull,42,1,False
10109,geodude-alola,magnet-pull,42,1,False
10110,graveler-alola,magnet-pull,42,1,False
10111,golem-alola,magnet-pull,42,1,False
100,voltorb,soundproof,43,1,False
101,electrode,soundproof,43,1,False
122,mr-mime,soundproof,43,1,False
293,whismur,soundproof,43,1,False
294,loudred,soundproof,43,1,False
295,exploud,soundproof,43,1,False
410,shieldon,soundproof,43,3,True
411,bastiodon,soundproof,43,3,True
439,mime-jr,soundproof,43,1,False
459,snover,soundproof,43,3,True
460,abomasnow,soundproof,43,3,True
626,bouffalant,soundproof,43,3,True
782,jangmo-o,soundproof,43,2,False
783,hakamo-o,soundproof,43,2,False
784,kommo-o,soundproof,43,2,False
10146,kommo-o-totem,soundproof,43,2,False
10231,voltorb-hisui,soundproof,43,1,False
10232,electrode-hisui,soundproof,43,1,False
7,squirtle,rain-dish,44,3,True
8,wartortle,rain-dish,44,3,True
9,blastoise,rain-dish,44,3,True
72,tentacool,rain-dish,44,3,True
73,tentacruel,rain-dish,44,3,True
270,lotad,rain-dish,44,2,False
271,lombre,rain-dish,44,2,False
272,ludicolo,rain-dish,44,2,False
278,wingull,rain-dish,44,3,True
279,pelipper,rain-dish,44,3,True
283,surskit,rain-dish,44,3,True
755,morelull,rain-dish,44,3,True
756,shiinotic,rain-dish,44,3,True
10197,blastoise-gmax,rain-dish,44,3,True
248,tyranitar,sand-stream,45,1,False
449,hippopotas,sand-stream,45,1,False
450,hippowdon,sand-stream,45,1,False
526,gigalith,sand-stream,45,2,False
10049,tyranitar-mega,sand-stream,45,1,False
142,aerodactyl,pressure,46,2,False
144,articuno,pressure,46,1,False
145,zapdos,pressure,46,1,False
146,moltres,pressure,46,1,False
150,mewtwo,pressure,46,1,False
243,raikou,pressure,46,1,False
244,entei,pressure,46,1,False
245,suicune,pressure,46,1,False
249,lugia,pressure,46,1,False
250,ho-oh,pressure,46,1,False
320,wailmer,pressure,46,3,True
321,wailord,pressure,46,3,True
356,dusclops,pressure,46,1,False
359,absol,pressure,46,1,False
386,deoxys-normal,pressure,46,1,False
416,vespiquen,pressure,46,1,False
442,spiritomb,pressure,46,1,False
461,weavile,pressure,46,1,False
477,dusknoir,pressure,46,1,False
483,dialga,pressure,46,1,False
484,palkia,pressure,46,1,False
487,giratina-altered,pressure,46,1,False
624,pawniard,pressure,46,3,True
625,bisharp,pressure,46,3,True
646,kyurem,pressure,46,1,False
823,corviknight,pressure,46,1,False
890,eternatus,pressure,46,1,False
903,sneasler,pressure,46,1,False
983,kingambit,pressure,46,3,True
10001,deoxys-attack,pressure,46,1,False
10002,deoxys-defense,pressure,46,1,False
10003,deoxys-speed,pressure,46,1,False
10190,eternatus-eternamax,pressure,46,1,False
10212,corviknight-gmax,pressure,46,1,False
10245,dialga-origin,pressure,46,1,False
10246,palkia-origin,pressure,46,1,False
86,seel,thick-fat,47,1,False
87,dewgong,thick-fat,47,1,False
143,snorlax,thick-fat,47,2,False
183,marill,thick-fat,47,1,False
184,azumarill,thick-fat,47,1,False
220,swinub,thick-fat,47,3,True
221,piloswine,thick-fat,47,3,True
241,miltank,thick-fat,47,1,False
296,makuhita,thick-fat,47,1,False
297,hariyama,thick-fat,47,1,False
298,azurill,thick-fat,47,1,False
325,spoink,thick-fat,47,1,False
326,grumpig,thick-fat,47,1,False
363,spheal,thick-fat,47,1,False
364,sealeo,thick-fat,47,1,False
365,walrein,thick-fat,47,1,False
432,purugly,thick-fat,47,1,False
446,munchlax,thick-fat,47,2,False
473,mamoswine,thick-fat,47,3,True
498,tepig,thick-fat,47,3,True
499,pignite,thick-fat,47,3,True
842,appletun,thick-fat,47,3,True
915,lechonk,thick-fat,47,3,True
916,oinkologne-male,thick-fat,47,3,True
974,cetoddle,thick-fat,47,1,False
975,cetitan,thick-fat,47,1,False
10033,venusaur-mega,thick-fat,47,1,False
10091,rattata-alola,thick-fat,47,3,True
10092,raticate-alola,thick-fat,47,3,True
10093,raticate-totem-alola,thick-fat,47,3,True
10206,snorlax-gmax,thick-fat,47,2,False
10217,appletun-gmax,thick-fat,47,3,True
10254,oinkologne-female,thick-fat,47,3,True
84,doduo,early-bird,48,2,False
85,dodrio,early-bird,48,2,False
115,kangaskhan,early-bird,48,1,False
165,ledyba,early-bird,48,2,False
166,ledian,early-bird,48,2,False
177,natu,early-bird,48,2,False
178,xatu,early-bird,48,2,False
191,sunkern,early-bird,48,3,True
192,sunflora,early-bird,48,3,True
203,girafarig,early-bird,48,2,False
228,houndour,early-bird,48,1,False
229,houndoom,early-bird,48,1,False
273,seedot,early-bird,48,2,False
274,nuzleaf,early-bird,48,2,False
928,smoliv,early-bird,48,1,False
929,dolliv,early-bird,48,1,False
77,ponyta,flame-body,49,3,True
78,rapidash,flame-body,49,3,True
126,magmar,flame-body,49,1,False
146,moltres,flame-body,49,3,True
218,slugma,flame-body,49,2,False
219,magcargo,flame-body,49,2,False
240,magby,flame-body,49,1,False
467,magmortar,flame-body,49,1,False
485,heatran,flame-body,49,3,True
607,litwick,flame-body,49,2,False
608,lampent,flame-body,49,2,False
609,chandelure,flame-body,49,2,False
636,larvesta,flame-body,49,1,False
637,volcarona,flame-body,49,1,False
662,fletchinder,flame-body,49,1,False
663,talonflame,flame-body,49,1,False
838,carkol,flame-body,49,2,False
839,coalossal,flame-body,49,2,False
850,sizzlipede,flame-body,49,3,True
851,centiskorch,flame-body,49,3,True
935,charcadet,flame-body,49,3,True
10215,coalossal-gmax,flame-body,49,2,False
10220,centiskorch-gmax,flame-body,49,3,True
10,caterpie,run-away,50,3,True
13,weedle,run-away,50,3,True
19,rattata,run-away,50,1,False
20,raticate,run-away,50,1,False
43,oddish,run-away,50,3,True
48,venonat,run-away,50,3,True
77,ponyta,run-away,50,1,False
78,rapidash,run-away,50,1,False
84,doduo,run-away,50,1,False
85,dodrio,run-away,50,1,False
133,eevee,run-away,50,1,False
161,sentret,run-away,50,1,False
162,furret,run-away,50,1,False
190,aipom,run-away,50,1,False
206,dunsparce,run-away,50,2,False
209,snubbull,run-away,50,2,False
261,poochyena,run-away,50,1,False
265,wurmple,run-away,50,3,True
290,nincada,run-away,50,3,True
401,kricketot,run-away,50,3,True
417,pachirisu,run-away,50,1,False
427,buneary,run-away,50,1,False
504,patrat,run-away,50,1,False
506,lillipup,run-away,50,3,True
827,nickit,run-away,50,1,False
828,thievul,run-away,50,1,False
831,wooloo,run-away,50,2,False
924,tandemaus,run-away,50,1,False
942,maschiff,run-away,50,2,False
982,dudunsparce-two-segment,run-away,50,2,False
10159,eevee-starter,run-away,50,1,False
10162,ponyta-galar,run-away,50,1,False
10163,rapidash-galar,run-away,50,1,False
10205,eevee-gmax,run-away,50,1,False
10255,dudunsparce-three-segment,run-away,50,2,False
10263,gimmighoul-roaming,run-away,50,1,False
16,pidgey,keen-eye,51,1,False
17,pidgeotto,keen-eye,51,1,False
18,pidgeot,keen-eye,51,1,False
21,spearow,keen-eye,51,1,False
22,fearow,keen-eye,51,1,False
83,farfetchd,keen-eye,51,1,False
107,hitmonchan,keen-eye,51,1,False
161,sentret,keen-eye,51,2,False
162,furret,keen-eye,51,2,False
163,hoothoot,keen-eye,51,2,False
164,noctowl,keen-eye,51,2,False
215,sneasel,keen-eye,51,2,False
227,skarmory,keen-eye,51,1,False
278,wingull,keen-eye,51,1,False
279,pelipper,keen-eye,51,1,False
302,sableye,keen-eye,51,1,False
396,starly,keen-eye,51,1,False
431,glameow,keen-eye,51,3,True
434,stunky,keen-eye,51,3,True
435,skuntank,keen-eye,51,3,True
441,chatot,keen-eye,51,1,False
451,skorupi,keen-eye,51,3,True
452,drapion,keen-eye,51,3,True
504,patrat,keen-eye,51,2,False
505,watchog,keen-eye,51,2,False
580,ducklett,keen-eye,51,1,False
581,swanna,keen-eye,51,1,False
627,rufflet,keen-eye,51,1,False
628,braviary,keen-eye,51,1,False
677,espurr,keen-eye,51,1,False
678,meowstic-male,keen-eye,51,1,False
731,pikipek,keen-eye,51,1,False
732,trumbeak,keen-eye,51,1,False
733,toucannon,keen-eye,51,1,False
744,rockruff,keen-eye,51,1,False
745,lycanroc-midday,keen-eye,51,1,False
821,rookidee,keen-eye,51,1,False
822,corvisquire,keen-eye,51,1,False
962,bombirdier,keen-eye,51,2,False
10025,meowstic-female,keen-eye,51,1,False
10126,lycanroc-midnight,keen-eye,51,1,False
10235,sneasel-hisui,keen-eye,51,2,False
10240,braviary-hisui,keen-eye,51,1,False
98,krabby,hyper-cutter,52,1,False
99,kingler,hyper-cutter,52,1,False
127,pinsir,hyper-cutter,52,1,False
207,gligar,hyper-cutter,52,1,False
303,mawile,hyper-cutter,52,1,False
328,trapinch,hyper-cutter,52,1,False
341,corphish,hyper-cutter,52,1,False
342,crawdaunt,hyper-cutter,52,1,False
472,gliscor,hyper-cutter,52,1,False
739,crabrawler,hyper-cutter,52,1,False
740,crabominable,hyper-cutter,52,1,False
10203,kingler-gmax,hyper-cutter,52,1,False
52,meowth,pickup,53,1,False
190,aipom,pickup,53,2,False
216,teddiursa,pickup,53,1,False
231,phanpy,pickup,53,1,False
263,zigzagoon,pickup,53,1,False
264,linoone,pickup,53,1,False
417,pachirisu,pickup,53,2,False
424,ambipom,pickup,53,2,False
446,munchlax,pickup,53,1,False
506,lillipup,pickup,53,2,False
659,bunnelby,pickup,53,1,False
660,diggersby,pickup,53,1,False
702,dedenne,pickup,53,2,False
710,pumpkaboo-average,pickup,53,1,False
711,gourgeist-average,pickup,53,1,False
731,pikipek,pickup,53,3,True
732,trumbeak,pickup,53,3,True
924,tandemaus,pickup,53,2,False
971,greavard,pickup,53,1,False
10027,pumpkaboo-small,pickup,53,1,False
10028,pumpkaboo-large,pickup,53,1,False
10029,pumpkaboo-super,pickup,53,1,False
10030,gourgeist-small,pickup,53,1,False
10031,gourgeist-large,pickup,53,1,False
10032,gourgeist-super,pickup,53,1,False
10107,meowth-alola,pickup,53,1,False
10161,meowth-galar,pickup,53,1,False
10174,zigzagoon-galar,pickup,53,1,False
10175,linoone-galar,pickup,53,1,False
10200,meowth-gmax,pickup,53,1,False
287,slakoth,truant,54,1,False
289,slaking,truant,54,1,False
632,durant,truant,54,3,True
19,rattata,hustle,55,3,True
20,raticate,hustle,55,3,True
29,nidoran-f,hustle,55,3,True
30,nidorina,hustle,55,3,True
32,nidoran-m,hustle,55,3,True
33,nidorino,hustle,55,3,True
175,togepi,hustle,55,1,False
176,togetic,hustle,55,1,False
222,corsola,hustle,55,1,False
223,remoraid,hustle,55,1,False
225,delibird,hustle,55,2,False
415,combee,hustle,55,3,True
468,togekiss,hustle,55,1,False
554,darumaka,hustle,55,1,False
627,rufflet,hustle,55,3,True
632,durant,hustle,55,2,False
633,deino,hustle,55,1,False
634,zweilous,hustle,55,1,False
841,flapple,hustle,55,3,True
880,dracozolt,hustle,55,2,False
931,squawkabilly-green-plumage,hustle,55,2,False
10091,rattata-alola,hustle,55,2,False
10092,raticate-alola,hustle,55,2,False
10093,raticate-totem-alola,hustle,55,2,False
10176,darumaka-galar,hustle,55,1,False
10216,flapple-gmax,hustle,55,3,True
10237,lilligant-hisui,hustle,55,2,False
10260,squawkabilly-blue-plumage,hustle,55,2,False
10261,squawkabilly-yellow-plumage,hustle,55,2,False
10262,squawkabilly-white-plumage,hustle,55,2,False
35,clefairy,cute-charm,56,1,False
36,clefable,cute-charm,56,1,False
39,jigglypuff,cute-charm,56,1,False
40,wigglytuff,cute-charm,56,1,False
173,cleffa,cute-charm,56,1,False
174,igglybuff,cute-charm,56,1,False
300,skitty,cute-charm,56,1,False
301,delcatty,cute-charm,56,1,False
350,milotic,cute-charm,56,3,True
428,lopunny,cute-charm,56,1,False
572,minccino,cute-charm,56,1,False
573,cinccino,cute-charm,56,1,False
700,sylveon,cute-charm,56,1,False
759,stufful,cute-charm,56,3,True
905,enamorus-incarnate,cute-charm,56,1,False
179,mareep,plus,57,3,True
180,flaaffy,plus,57,3,True
181,ampharos,plus,57,3,True
311,plusle,plus,57,1,False
599,klink,plus,57,1,False
600,klang,plus,57,1,False
601,klinklang,plus,57,1,False
702,dedenne,plus,57,3,True
849,toxtricity-amped,plus,57,2,False
10219,toxtricity-amped-gmax,plus,57,2,False
309,electrike,minus,58,3,True
310,manectric,minus,58,3,True
312,minun,minus,58,1,False
599,klink,minus,58,2,False
600,klang,minus,58,2,False
601,klinklang,minus,58,2,False
10184,toxtricity-low-key,minus,58,2,False
10228,toxtricity-low-key-gmax,minus,58,2,False
351,castform,forecast,59,1,False
10013,castform-sunny,forecast,59,1,False
10014,castform-rainy,forecast,59,1,False
10015,castform-snowy,forecast,59,1,False
88,grimer,sticky-hold,60,2,False
89,muk,sticky-hold,60,2,False
316,gulpin,sticky-hold,60,2,False
317,swalot,sticky-hold,60,2,False
422,shellos,sticky-hold,60,1,False
423,gastrodon,sticky-hold,60,1,False
568,trubbish,sticky-hold,60,2,False
617,accelgor,sticky-hold,60,2,False
1011,dipplin,sticky-hold,60,3,True
1019,hydrapple,sticky-hold,60,3,True
11,metapod,shed-skin,61,1,False
14,kakuna,shed-skin,61,1,False
23,ekans,shed-skin,61,2,False
24,arbok,shed-skin,61,2,False
147,dratini,shed-skin,61,1,False
148,dragonair,shed-skin,61,1,False
247,pupitar,shed-skin,61,1,False
266,silcoon,shed-skin,61,1,False
268,cascoon,shed-skin,61,1,False
336,seviper,shed-skin,61,1,False
401,kricketot,shed-skin,61,1,False
412,burmy,shed-skin,61,1,False
559,scraggy,shed-skin,61,1,False
560,scrafty,shed-skin,61,1,False
588,karrablast,shed-skin,61,2,False
665,spewpa,shed-skin,61,1,False
843,silicobra,shed-skin,61,2,False
844,sandaconda,shed-skin,61,2,False
953,rellor,shed-skin,61,3,True
967,cyclizar,shed-skin,61,1,False
10218,sandaconda-gmax,shed-skin,61,2,False
19,rattata,guts,62,2,False
20,raticate,guts,62,2,False
66,machop,guts,62,1,False
67,machoke,guts,62,1,False
68,machamp,guts,62,1,False
136,flareon,guts,62,3,True
214,heracross,guts,62,2,False
217,ursaring,guts,62,1,False
236,tyrogue,guts,62,1,False
246,larvitar,guts,62,1,False
276,taillow,guts,62,1,False
277,swellow,guts,62,1,False
296,makuhita,guts,62,2,False
297,hariyama,guts,62,2,False
403,shinx,guts,62,3,True
404,luxio,guts,62,3,True
405,luxray,guts,62,3,True
532,timburr,guts,62,1,False
533,gurdurr,guts,62,1,False
534,conkeldurr,guts,62,1,False
538,throh,guts,62,1,False
862,obstagoon,guts,62,2,False
901,ursaluna,guts,62,1,False
931,squawkabilly-green-plumage,guts,62,3,True
10201,machamp-gmax,guts,62,1,False
10260,squawkabilly-blue-plumage,guts,62,3,True
147,dratini,marvel-scale,63,3,True
148,dragonair,marvel-scale,63,3,True
350,milotic,marvel-scale,63,1,False
72,tentacool,liquid-ooze,64,2,False
73,tentacruel,liquid-ooze,64,2,False
316,gulpin,liquid-ooze,64,1,False
317,swalot,liquid-ooze,64,1,False
1,bulbasaur,overgrow,65,1,False
2,ivysaur,overgrow,65,1,False
3,venusaur,overgrow,65,1,False
152,chikorita,overgrow,65,1,False
153,bayleef,overgrow,65,1,False
154,meganium,overgrow,65,1,False
252,treecko,overgrow,65,1,False
253,grovyle,overgrow,65,1,False
254,sceptile,overgrow,65,1,False
387,turtwig,overgrow,65,1,False
388,grotle,overgrow,65,1,False
389,torterra,overgrow,65,1,False
495,snivy,overgrow,65,1,False
496,servine,overgrow,65,1,False
497,serperior,overgrow,65,1,False
511,pansage,overgrow,65,3,True
512,simisage,overgrow,65,3,True
650,chespin,overgrow,65,1,False
651,quilladin,overgrow,65,1,False
652,chesnaught,overgrow,65,1,False
722,rowlet,overgrow,65,1,False
723,dartrix,overgrow,65,1,False
724,decidueye,overgrow,65,1,False
810,grookey,overgrow,65,1,False
811,thwackey,overgrow,65,1,False
812,rillaboom,overgrow,65,1,False
906,sprigatito,overgrow,65,1,False
907,floragato,overgrow,65,1,False
908,meowscarada,overgrow,65,1,False
10195,venusaur-gmax,overgrow,65,1,False
10209,rillaboom-gmax,overgrow,65,1,False
10244,decidueye-hisui,overgrow,65,1,False
4,charmander,blaze,66,1,False
5,charmeleon,blaze,66,1,False
6,charizard,blaze,66,1,False
155,cyndaquil,blaze,66,1,False
156,quilava,blaze,66,1,False
157,typhlosion,blaze,66,1,False
255,torchic,blaze,66,1,False
256,combusken,blaze,66,1,False
257,blaziken,blaze,66,1,False
390,chimchar,blaze,66,1,False
391,monferno,blaze,66,1,False
392,infernape,blaze,66,1,False
498,tepig,blaze,66,1,False
499,pignite,blaze,66,1,False
500,emboar,blaze,66,1,False
513,pansear,blaze,66,3,True
514,simisear,blaze,66,3,True
653,fennekin,blaze,66,1,False
654,braixen,blaze,66,1,False
655,delphox,blaze,66,1,False
725,litten,blaze,66,1,False
726,torracat,blaze,66,1,False
727,incineroar,blaze,66,1,False
813,scorbunny,blaze,66,1,False
814,raboot,blaze,66,1,False
815,cinderace,blaze,66,1,False
909,fuecoco,blaze,66,1,False
910,crocalor,blaze,66,1,False
911,skeledirge,blaze,66,1,False
10196,charizard-gmax,blaze,66,1,False
10210,cinderace-gmax,blaze,66,1,False
10233,typhlosion-hisui,blaze,66,1,False
7,squirtle,torrent,67,1,False
8,wartortle,torrent,67,1,False
9,blastoise,torrent,67,1,False
158,totodile,torrent,67,1,False
159,croconaw,torrent,67,1,False
160,feraligatr,torrent,67,1,False
258,mudkip,torrent,67,1,False
259,marshtomp,torrent,67,1,False
260,swampert,torrent,67,1,False
393,piplup,torrent,67,1,False
394,prinplup,torrent,67,1,False
395,empoleon,torrent,67,1,False
501,oshawott,torrent,67,1,False
502,dewott,torrent,67,1,False
503,samurott,torrent,67,1,False
515,panpour,torrent,67,3,True
516,simipour,torrent,67,3,True
656,froakie,torrent,67,1,False
657,frogadier,torrent,67,1,False
658,greninja,torrent,67,1,False
728,popplio,torrent,67,1,False
729,brionne,torrent,67,1,False
730,primarina,torrent,67,1,False
816,sobble,torrent,67,1,False
817,drizzile,torrent,67,1,False
818,inteleon,torrent,67,1,False
912,quaxly,torrent,67,1,False
913,quaxwell,torrent,67,1,False
914,quaquaval,torrent,67,1,False
10197,blastoise-gmax,torrent,67,1,False
10211,inteleon-gmax,torrent,67,1,False
10236,samurott-hisui,torrent,67,1,False
15,beedrill,swarm,68,1,False
123,scyther,swarm,68,1,False
165,ledyba,swarm,68,1,False
166,ledian,swarm,68,1,False
167,spinarak,swarm,68,1,False
168,ariados,swarm,68,1,False
212,scizor,swarm,68,1,False
214,heracross,swarm,68,1,False
267,beautifly,swarm,68,1,False
313,volbeat,swarm,68,2,False
402,kricketune,swarm,68,1,False
414,mothim,swarm,68,1,False
540,sewaddle,swarm,68,1,False
542,leavanny,swarm,68,1,False
543,venipede,swarm,68,2,False
544,whirlipede,swarm,68,2,False
545,scolipede,swarm,68,2,False
588,karrablast,swarm,68,1,False
589,escavalier,swarm,68,1,False
595,joltik,swarm,68,3,True
596,galvantula,swarm,68,3,True
632,durant,swarm,68,1,False
636,larvesta,swarm,68,3,True
637,volcarona,swarm,68,3,True
736,grubbin,swarm,68,1,False
824,blipbug,swarm,68,1,False
825,dottler,swarm,68,1,False
826,orbeetle,swarm,68,1,False
900,kleavor,swarm,68,1,False
919,nymble,swarm,68,1,False
920,lokix,swarm,68,1,False
10213,orbeetle-gmax,swarm,68,1,False
74,geodude,rock-head,69,1,False
75,graveler,rock-head,69,1,False
76,golem,rock-head,69,1,False
95,onix,rock-head,69,1,False
104,cubone,rock-head,69,1,False
105,marowak,rock-head,69,1,False
111,rhyhorn,rock-head,69,2,False
112,rhydon,rock-head,69,2,False
142,aerodactyl,rock-head,69,1,False
185,sudowoodo,rock-head,69,2,False
208,steelix,rock-head,69,1,False
304,aron,rock-head,69,2,False
305,lairon,rock-head,69,2,False
306,aggron,rock-head,69,2,False
369,relicanth,rock-head,69,2,False
371,bagon,rock-head,69,1,False
372,shelgon,rock-head,69,1,False
438,bonsly,rock-head,69,2,False
697,tyrantrum,rock-head,69,3,True
10016,basculin-blue-striped,rock-head,69,1,False
10115,marowak-alola,rock-head,69,3,True
10149,marowak-totem,rock-head,69,3,True
10229,growlithe-hisui,rock-head,69,3,True
10230,arcanine-hisui,rock-head,69,3,True
37,vulpix,drought,70,3,True
38,ninetales,drought,70,3,True
324,torkoal,drought,70,2,False
383,groudon,drought,70,1,False
10035,charizard-mega-y,drought,70,1,False
50,diglett,arena-trap,71,2,False
51,dugtrio,arena-trap,71,2,False
328,trapinch,arena-trap,71,2,False
56,mankey,vital-spirit,72,1,False
57,primeape,vital-spirit,72,1,False
125,electabuzz,vital-spirit,72,3,True
126,magmar,vital-spirit,72,3,True
225,delibird,vital-spirit,72,1,False
236,tyrogue,vital-spirit,72,3,True
239,elekid,vital-spirit,72,3,True
240,magby,vital-spirit,72,3,True
288,vigoroth,vital-spirit,72,1,False
466,electivire,vital-spirit,72,3,True
467,magmortar,vital-spirit,72,3,True
506,lillipup,vital-spirit,72,1,False
744,rockruff,vital-spirit,72,2,False
979,annihilape,vital-spirit,72,1,False
10126,lycanroc-midnight,vital-spirit,72,2,False
10168,mr-mime-galar,vital-spirit,72,1,False
324,torkoal,white-smoke,73,1,False
631,heatmor,white-smoke,73,3,True
850,sizzlipede,white-smoke,73,2,False
851,centiskorch,white-smoke,73,2,False
10220,centiskorch-gmax,white-smoke,73,2,False
307,meditite,pure-power,74,1,False
308,medicham,pure-power,74,1,False
10054,medicham-mega,pure-power,74,1,False
90,shellder,shell-armor,75,1,False
91,cloyster,shell-armor,75,1,False
98,krabby,shell-armor,75,2,False
99,kingler,shell-armor,75,2,False
131,lapras,shell-armor,75,2,False
138,omanyte,shell-armor,75,2,False
139,omastar,shell-armor,75,2,False
324,torkoal,shell-armor,75,3,True
341,corphish,shell-armor,75,2,False
342,crawdaunt,shell-armor,75,2,False
366,clamperl,shell-armor,75,1,False
387,turtwig,shell-armor,75,3,True
388,grotle,shell-armor,75,3,True
389,torterra,shell-armor,75,3,True
501,oshawott,shell-armor,75,3,True
502,dewott,shell-armor,75,3,True
503,samurott,shell-armor,75,3,True
557,dwebble,shell-armor,75,2,False
558,crustle,shell-armor,75,2,False
589,escavalier,shell-armor,75,2,False
616,shelmet,shell-armor,75,2,False
776,turtonator,shell-armor,75,1,False
833,chewtle,shell-armor,75,2,False
834,drednaw,shell-armor,75,2,False
950,klawf,shell-armor,75,2,False
10071,slowbro-mega,shell-armor,75,1,False
10203,kingler-gmax,shell-armor,75,2,False
10204,lapras-gmax,shell-armor,75,2,False
10214,drednaw-gmax,shell-armor,75,2,False
10241,sliggoo-hisui,shell-armor,75,2,False
10242,goodra-hisui,shell-armor,75,2,False
384,rayquaza,air-lock,76,1,False
16,pidgey,tangled-feet,77,2,False
17,pidgeotto,tangled-feet,77,2,False
18,pidgeot,tangled-feet,77,2,False
84,doduo,tangled-feet,77,3,True
85,dodrio,tangled-feet,77,3,True
327,spinda,tangled-feet,77,2,False
441,chatot,tangled-feet,77,2,False
866,mr-rime,tangled-feet,77,1,False
973,flamigo,tangled-feet,77,2,False
466,electivire,motor-drive,78,1,False
522,blitzle,motor-drive,78,2,False
523,zebstrika,motor-drive,78,2,False
587,emolga,motor-drive,78,3,True
29,nidoran-f,rivalry,79,2,False
30,nidorina,rivalry,79,2,False
31,nidoqueen,rivalry,79,2,False
32,nidoran-m,rivalry,79,2,False
33,nidorino,rivalry,79,2,False
34,nidoking,rivalry,79,2,False
267,beautifly,rivalry,79,3,True
403,shinx,rivalry,79,1,False
404,luxio,rivalry,79,1,False
405,luxray,rivalry,79,1,False
519,pidove,rivalry,79,3,True
520,tranquill,rivalry,79,3,True
521,unfezant,rivalry,79,3,True
610,axew,rivalry,79,1,False
611,fraxure,rivalry,79,1,False
612,haxorus,rivalry,79,1,False
667,litleo,rivalry,79,1,False
668,pyroar-male,rivalry,79,1,False
66,machop,steadfast,80,3,True
67,machoke,steadfast,80,3,True
68,machamp,steadfast,80,3,True
123,scyther,steadfast,80,3,True
236,tyrogue,steadfast,80,2,False
237,hitmontop,steadfast,80,3,True
447,riolu,steadfast,80,1,False
448,lucario,steadfast,80,1,False
475,gallade,steadfast,80,1,False
744,rockruff,steadfast,80,3,True
745,lycanroc-midday,steadfast,80,3,True
832,dubwool,steadfast,80,2,False
865,sirfetchd,steadfast,80,1,False
10043,mewtwo-mega-x,steadfast,80,1,False
10166,farfetchd-galar,steadfast,80,1,False
10201,machamp-gmax,steadfast,80,3,True
144,articuno,snow-cloak,81,3,True
220,swinub,snow-cloak,81,2,False
221,piloswine,snow-cloak,81,2,False
471,glaceon,snow-cloak,81,1,False
473,mamoswine,snow-cloak,81,2,False
478,froslass,snow-cloak,81,1,False
582,vanillite,snow-cloak,81,2,False
583,vanillish,snow-cloak,81,2,False
613,cubchoo,snow-cloak,81,1,False
614,beartic,snow-cloak,81,1,False
974,cetoddle,snow-cloak,81,2,False
10101,sandshrew-alola,snow-cloak,81,1,False
10102,sandslash-alola,snow-cloak,81,1,False
10103,vulpix-alola,snow-cloak,81,1,False
10104,ninetales-alola,snow-cloak,81,1,False
69,bellsprout,gluttony,82,3,True
70,weepinbell,gluttony,82,3,True
71,victreebel,gluttony,82,3,True
143,snorlax,gluttony,82,3,True
213,shuckle,gluttony,82,2,False
263,zigzagoon,gluttony,82,2,False
264,linoone,gluttony,82,2,False
316,gulpin,gluttony,82,3,True
317,swalot,gluttony,82,3,True
325,spoink,gluttony,82,3,True
326,grumpig,gluttony,82,3,True
446,munchlax,gluttony,82,3,True
511,pansage,gluttony,82,1,False
512,simisage,gluttony,82,1,False
513,pansear,gluttony,82,1,False
514,simisear,gluttony,82,1,False
515,panpour,gluttony,82,1,False
516,simipour,gluttony,82,1,False
631,heatmor,gluttony,82,1,False
819,skwovet,gluttony,82,3,True
820,greedent,gluttony,82,3,True
840,applin,gluttony,82,2,False
841,flapple,gluttony,82,2,False
842,appletun,gluttony,82,2,False
915,lechonk,gluttony,82,2,False
916,oinkologne-male,gluttony,82,2,False
1011,dipplin,gluttony,82,2,False
10091,rattata-alola,gluttony,82,1,False
10092,raticate-alola,gluttony,82,1,False
10093,raticate-totem-alola,gluttony,82,1,False
10112,grimer-alola,gluttony,82,2,False
10113,muk-alola,gluttony,82,2,False
10164,slowpoke-galar,gluttony,82,1,False
10174,zigzagoon-galar,gluttony,82,2,False
10175,linoone-galar,gluttony,82,2,False
10206,snorlax-gmax,gluttony,82,3,True
10216,flapple-gmax,gluttony,82,2,False
10217,appletun-gmax,gluttony,82,2,False
10254,oinkologne-female,gluttony,82,2,False
56,mankey,anger-point,83,2,False
57,primeape,anger-point,83,2,False
128,tauros,anger-point,83,2,False
323,camerupt,anger-point,83,3,True
551,sandile,anger-point,83,3,True
552,krokorok,anger-point,83,3,True
553,krookodile,anger-point,83,3,True
739,crabrawler,anger-point,83,3,True
740,crabominable,anger-point,83,3,True
10250,tauros-paldea-combat-breed,anger-point,83,2,False
10251,tauros-paldea-blaze-breed,anger-point,83,2,False
10252,tauros-paldea-aqua-breed,anger-point,83,2,False
106,hitmonlee,unburden,84,3,True
252,treecko,unburden,84,3,True
253,grovyle,unburden,84,3,True
254,sceptile,unburden,84,3,True
425,drifloon,unburden,84,2,False
426,drifblim,unburden,84,2,False
509,purrloin,unburden,84,2,False
510,liepard,unburden,84,2,False
617,accelgor,unburden,84,3,True
684,swirlix,unburden,84,3,True
685,slurpuff,unburden,84,3,True
701,hawlucha,unburden,84,2,False
827,nickit,unburden,84,2,False
828,thievul,unburden,84,2,False
903,sneasler,unburden,84,2,False
944,shroodle,unburden,84,1,False
945,grafaiai,unburden,84,1,False
436,bronzor,heatproof,85,2,False
437,bronzong,heatproof,85,2,False
837,rolycoly,heatproof,85,2,False
1012,poltchageist,heatproof,85,3,True
1013,sinistcha,heatproof,85,3,True
322,numel,simple,86,2,False
399,bidoof,simple,86,1,False
400,bibarel,simple,86,1,False
527,woobat,simple,86,3,True
528,swoobat,simple,86,3,True
46,paras,dry-skin,87,2,False
47,parasect,dry-skin,87,2,False
124,jynx,dry-skin,87,3,True
453,croagunk,dry-skin,87,2,False
454,toxicroak,dry-skin,87,2,False
694,helioptile,dry-skin,87,1,False
695,heliolisk,dry-skin,87,1,False
137,porygon,download,88,2,False
233,porygon2,download,88,2,False
474,porygon-z,download,88,2,False
649,genesect,download,88,1,False
107,hitmonchan,iron-fist,89,2,False
166,ledian,iron-fist,89,3,True
390,chimchar,iron-fist,89,3,True
391,monferno,iron-fist,89,3,True
392,infernape,iron-fist,89,3,True
532,timburr,iron-fist,89,3,True
533,gurdurr,iron-fist,89,3,True
534,conkeldurr,iron-fist,89,3,True
622,golett,iron-fist,89,1,False
623,golurk,iron-fist,89,1,False
674,pancham,iron-fist,89,1,False
675,pangoro,iron-fist,89,1,False
739,crabrawler,iron-fist,89,2,False
740,crabominable,iron-fist,89,2,False
809,melmetal,iron-fist,89,1,False
921,pawmi,iron-fist,89,3,True
922,pawmo,iron-fist,89,3,True
923,pawmot,iron-fist,89,3,True
10208,melmetal-gmax,iron-fist,89,1,False
10315,crabominable-mega,iron-fist,89,1,False
285,shroomish,poison-heal,90,2,False
286,breloom,poison-heal,90,2,False
472,gliscor,poison-heal,90,3,True
133,eevee,adaptability,91,2,False
341,corphish,adaptability,91,3,True
342,crawdaunt,adaptability,91,3,True
349,feebas,adaptability,91,3,True
474,porygon-z,adaptability,91,1,False
550,basculin-red-striped,adaptability,91,2,False
690,skrelp,adaptability,91,3,True
691,dragalge,adaptability,91,3,True
734,yungoos,adaptability,91,3,True
735,gumshoos,adaptability,91,3,True
902,basculegion-male,adaptability,91,2,False
10016,basculin-blue-striped,adaptability,91,2,False
10059,lucario-mega,adaptability,91,1,False
10090,beedrill-mega,adaptability,91,1,False
10121,gumshoos-totem,adaptability,91,3,True
10159,eevee-starter,adaptability,91,2,False
10205,eevee-gmax,adaptability,91,2,False
10247,basculin-white-striped,adaptability,91,2,False
10248,basculegion-female,adaptability,91,2,False
10321,glimmora-mega,adaptability,91,1,False
90,shellder,skill-link,92,2,False
91,cloyster,skill-link,92,2,False
190,aipom,skill-link,92,3,True
424,ambipom,skill-link,92,3,True
572,minccino,skill-link,92,3,True
573,cinccino,skill-link,92,3,True
731,pikipek,skill-link,92,2,False
732,trumbeak,skill-link,92,2,False
733,toucannon,skill-link,92,2,False
10047,heracross-mega,skill-link,92,1,False
86,seel,hydration,93,2,False
87,dewgong,hydration,93,2,False
131,lapras,hydration,93,3,True
134,vaporeon,hydration,93,3,True
238,smoochum,hydration,93,3,True
278,wingull,hydration,93,2,False
339,barboach,hydration,93,3,True
340,whiscash,hydration,93,3,True
368,gorebyss,hydration,93,3,True
370,luvdisc,hydration,93,3,True
489,phione,hydration,93,1,False
490,manaphy,hydration,93,1,False
535,tympole,hydration,93,2,False
536,palpitoad,hydration,93,2,False
580,ducklett,hydration,93,3,True
581,swanna,hydration,93,3,True
594,alomomola,hydration,93,2,False
616,shelmet,hydration,93,1,False
617,accelgor,hydration,93,1,False
704,goomy,hydration,93,2,False
705,sliggoo,hydration,93,2,False
706,goodra,hydration,93,2,False
10204,lapras-gmax,hydration,93,3,True
4,charmander,solar-power,94,3,True
5,charmeleon,solar-power,94,3,True
6,charizard,solar-power,94,3,True
191,sunkern,solar-power,94,2,False
192,sunflora,solar-power,94,2,False
357,tropius,solar-power,94,2,False
694,helioptile,solar-power,94,3,True
695,heliolisk,solar-power,94,3,True
10048,houndoom-mega,solar-power,94,1,False
10196,charizard-gmax,solar-power,94,3,True
135,jolteon,quick-feet,95,3,True
210,granbull,quick-feet,95,2,False
216,teddiursa,quick-feet,95,2,False
217,ursaring,quick-feet,95,2,False
261,poochyena,quick-feet,95,2,False
262,mightyena,quick-feet,95,2,False
263,zigzagoon,quick-feet,95,3,True
264,linoone,quick-feet,95,3,True
285,shroomish,quick-feet,95,3,True
10174,zigzagoon-galar,quick-feet,95,3,True
10175,linoone-galar,quick-feet,95,3,True
300,skitty,normalize,96,2,False
301,delcatty,normalize,96,2,False
15,beedrill,sniper,97,3,True
21,spearow,sniper,97,3,True
22,fearow,sniper,97,3,True
116,horsea,sniper,97,2,False
117,seadra,sniper,97,2,False
167,spinarak,sniper,97,3,True
168,ariados,sniper,97,3,True
223,remoraid,sniper,97,2,False
224,octillery,sniper,97,2,False
230,kingdra,sniper,97,2,False
451,skorupi,sniper,97,2,False
452,drapion,sniper,97,2,False
688,binacle,sniper,97,2,False
689,barbaracle,sniper,97,2,False
816,sobble,sniper,97,3,True
817,drizzile,sniper,97,3,True
818,inteleon,sniper,97,3,True
10211,inteleon-gmax,sniper,97,3,True
35,clefairy,magic-guard,98,2,False
36,clefable,magic-guard,98,2,False
63,abra,magic-guard,98,3,True
64,kadabra,magic-guard,98,3,True
65,alakazam,magic-guard,98,3,True
173,cleffa,magic-guard,98,2,False
561,sigilyph,magic-guard,98,2,False
577,solosis,magic-guard,98,2,False
578,duosion,magic-guard,98,2,False
579,reuniclus,magic-guard,98,2,False
66,machop,no-guard,99,2,False
67,machoke,no-guard,99,2,False
68,machamp,no-guard,99,2,False
588,karrablast,no-guard,99,3,True
622,golett,no-guard,99,3,True
623,golurk,no-guard,99,3,True
679,honedge,no-guard,99,1,False
680,doublade,no-guard,99,1,False
10073,pidgeot-mega,no-guard,99,1,False
10126,lycanroc-midnight,no-guard,99,3,True
10201,machamp-gmax,no-guard,99,2,False
10300,hawlucha-mega,no-guard,99,1,False
302,sableye,stall,100,2,False
52,meowth,technician,101,2,False
53,persian,technician,101,2,False
122,mr-mime,technician,101,3,True
123,scyther,technician,101,2,False
212,scizor,technician,101,2,False
235,smeargle,technician,101,2,False
237,hitmontop,technician,101,2,False
286,breloom,technician,101,3,True
402,kricketune,technician,101,3,True
407,roserade,technician,101,3,True
424,ambipom,technician,101,1,False
439,mime-jr,technician,101,3,True
572,minccino,technician,101,2,False
573,cinccino,technician,101,2,False
802,marshadow,technician,101,1,False
849,toxtricity-amped,technician,101,3,True
852,clobbopus,technician,101,3,True
853,grapploct,technician,101,3,True
925,maushold-family-of-four,technician,101,3,True
1016,fezandipiti,technician,101,3,True
10046,scizor-mega,technician,101,1,False
10107,meowth-alola,technician,101,2,False
10108,persian-alola,technician,101,2,False
10184,toxtricity-low-key,technician,101,3,True
10200,meowth-gmax,technician,101,2,False
10219,toxtricity-amped-gmax,technician,101,3,True
10228,toxtricity-low-key-gmax,technician,101,3,True
10257,maushold-family-of-three,technician,101,3,True
114,tangela,leaf-guard,102,2,False
152,chikorita,leaf-guard,102,3,True
153,bayleef,leaf-guard,102,3,True
154,meganium,leaf-guard,102,3,True
187,hoppip,leaf-guard,102,2,False
188,skiploom,leaf-guard,102,2,False
189,jumpluff,leaf-guard,102,2,False
315,roselia,leaf-guard,102,3,True
406,budew,leaf-guard,102,3,True
465,tangrowth,leaf-guard,102,2,False
470,leafeon,leaf-guard,102,1,False
541,swadloon,leaf-guard,102,1,False
548,petilil,leaf-guard,102,3,True
549,lilligant,leaf-guard,102,3,True
753,fomantis,leaf-guard,102,1,False
754,lurantis,leaf-guard,102,1,False
761,bounsweet,leaf-guard,102,1,False
762,steenee,leaf-guard,102,1,False
763,tsareena,leaf-guard,102,1,False
893,zarude,leaf-guard,102,1,False
10128,lurantis-totem,leaf-guard,102,1,False
10192,zarude-dada,leaf-guard,102,1,False
10237,lilligant-hisui,leaf-guard,102,3,True
427,buneary,klutz,103,2,False
428,lopunny,klutz,103,2,False
527,woobat,klutz,103,2,False
528,swoobat,klutz,103,2,False
531,audino,klutz,103,3,True
622,golett,klutz,103,2,False
623,golurk,klutz,103,2,False
759,stufful,klutz,103,2,False
760,bewear,klutz,103,2,False
848,toxel,klutz,103,3,True
926,fidough,klutz,103,3,True
951,capsakid,klutz,103,3,True
127,pinsir,mold-breaker,104,2,False
408,cranidos,mold-breaker,104,1,False
409,rampardos,mold-breaker,104,1,False
529,drilbur,mold-breaker,104,3,True
530,excadrill,mold-breaker,104,3,True
538,throh,mold-breaker,104,3,True
539,sawk,mold-breaker,104,3,True
550,basculin-red-striped,mold-breaker,104,3,True
610,axew,mold-breaker,104,2,False
611,fraxure,mold-breaker,104,2,False
612,haxorus,mold-breaker,104,2,False
621,druddigon,mold-breaker,104,3,True
674,pancham,mold-breaker,104,2,False
675,pangoro,mold-breaker,104,2,False
701,hawlucha,mold-breaker,104,3,True
902,basculegion-male,mold-breaker,104,3,True
957,tinkatink,mold-breaker,104,1,False
958,tinkatuff,mold-breaker,104,1,False
959,tinkaton,mold-breaker,104,1,False
976,veluza,mold-breaker,104,1,False
10016,basculin-blue-striped,mold-breaker,104,3,True
10041,gyarados-mega,mold-breaker,104,1,False
10045,ampharos-mega,mold-breaker,104,1,False
10247,basculin-white-striped,mold-breaker,104,3,True
10248,basculegion-female,mold-breaker,104,3,True
10274,ogerpon-hearthflame-mask,mold-breaker,104,1,False
10286,emboar-mega,mold-breaker,104,1,False
175,togepi,super-luck,105,3,True
176,togetic,super-luck,105,3,True
198,murkrow,super-luck,105,2,False
359,absol,super-luck,105,2,False
430,honchkrow,super-luck,105,2,False
468,togekiss,super-luck,105,3,True
519,pidove,super-luck,105,2,False
520,tranquill,super-luck,105,2,False
521,unfezant,super-luck,105,2,False
100,voltorb,aftermath,106,3,True
101,electrode,aftermath,106,3,True
425,drifloon,aftermath,106,1,False
426,drifblim,aftermath,106,1,False
434,stunky,aftermath,106,2,False
435,skuntank,aftermath,106,2,False
568,trubbish,aftermath,106,3,True
569,garbodor,aftermath,106,3,True
10207,garbodor-gmax,aftermath,106,3,True
10231,voltorb-hisui,aftermath,106,3,True
10232,electrode-hisui,aftermath,106,3,True
133,eevee,anticipation,107,3,True
339,barboach,anticipation,107,2,False
340,whiscash,anticipation,107,2,False
413,wormadam-plant,anticipation,107,1,False
453,croagunk,anticipation,107,1,False
454,toxicroak,anticipation,107,1,False
598,ferrothorn,anticipation,107,3,True
856,hatenna,anticipation,107,2,False
857,hattrem,anticipation,107,2,False
858,hatterene,anticipation,107,2,False
955,flittle,anticipation,107,1,False
10004,wormadam-sandy,anticipation,107,1,False
10005,wormadam-trash,anticipation,107,1,False
10159,eevee-starter,anticipation,107,3,True
10162,ponyta-galar,anticipation,107,3,True
10163,rapidash-galar,anticipation,107,3,True
10205,eevee-gmax,anticipation,107,3,True
10221,hatterene-gmax,anticipation,107,2,False
96,drowzee,forewarn,108,2,False
97,hypno,forewarn,108,2,False
124,jynx,forewarn,108,2,False
238,smoochum,forewarn,108,2,False
517,munna,forewarn,108,1,False
518,musharna,forewarn,108,1,False
36,clefable,unaware,109,3,True
194,wooper,unaware,109,3,True
195,quagsire,unaware,109,3,True
399,bidoof,unaware,109,2,False
400,bibarel,unaware,109,2,False
527,woobat,unaware,109,1,False
528,swoobat,unaware,109,1,False
771,pyukumuku,unaware,109,3,True
789,cosmog,unaware,109,1,False
909,fuecoco,unaware,109,3,True
910,crocalor,unaware,109,3,True
911,skeledirge,unaware,109,3,True
977,dondozo,unaware,109,1,False
980,clodsire,unaware,109,3,True
10253,wooper-paldea,unaware,109,3,True
12,butterfree,tinted-lens,110,3,True
48,venonat,tinted-lens,110,2,False
49,venomoth,tinted-lens,110,2,False
163,hoothoot,tinted-lens,110,3,True
164,noctowl,tinted-lens,110,3,True
314,illumise,tinted-lens,110,2,False
414,mothim,tinted-lens,110,3,True
469,yanmega,tinted-lens,110,2,False
561,sigilyph,tinted-lens,110,3,True
919,nymble,tinted-lens,110,3,True
920,lokix,tinted-lens,110,3,True
10198,butterfree-gmax,tinted-lens,110,3,True
10240,braviary-hisui,tinted-lens,110,3,True
122,mr-mime,filter,111,2,False
439,mime-jr,filter,111,2,False
966,revavroom,filter,111,3,True
10053,aggron-mega,filter,111,1,False
486,regigigas,slow-start,112,1,False
965,varoom,slow-start,112,3,True
115,kangaskhan,scrappy,113,2,False
241,miltank,scrappy,113,2,False
276,taillow,scrappy,113,3,True
277,swellow,scrappy,113,3,True
294,loudred,scrappy,113,3,True
295,exploud,scrappy,113,3,True
507,herdier,scrappy,113,3,True
508,stoutland,scrappy,113,3,True
674,pancham,scrappy,113,3,True
675,pangoro,scrappy,113,3,True
865,sirfetchd,scrappy,113,3,True
973,flamigo,scrappy,113,1,False
10088,lopunny-mega,scrappy,113,1,False
10166,farfetchd-galar,scrappy,113,3,True
10244,decidueye-hisui,scrappy,113,3,True
345,lileep,storm-drain,114,3,True
346,cradily,storm-drain,114,3,True
422,shellos,storm-drain,114,2,False
423,gastrodon,storm-drain,114,2,False
456,finneon,storm-drain,114,2,False
457,lumineon,storm-drain,114,2,False
556,maractus,storm-drain,114,3,True
978,tatsugiri-curly,storm-drain,114,3,True
10258,tatsugiri-droopy,storm-drain,114,3,True
10259,tatsugiri-stretchy,storm-drain,114,3,True
86,seel,ice-body,115,3,True
87,dewgong,ice-body,115,3,True
361,snorunt,ice-body,115,2,False
362,glalie,ice-body,115,2,False
363,spheal,ice-body,115,2,False
364,sealeo,ice-body,115,2,False
365,walrein,ice-body,115,2,False
378,regice,ice-body,115,3,True
471,glaceon,ice-body,115,3,True
582,vanillite,ice-body,115,1,False
583,vanillish,ice-body,115,1,False
584,vanilluxe,ice-body,115,1,False
712,bergmite,ice-body,115,2,False
713,avalugg,ice-body,115,2,False
866,mr-rime,ice-body,115,3,True
883,arctovish,ice-body,115,2,False
996,frigibax,ice-body,115,3,True
997,arctibax,ice-body,115,3,True
998,baxcalibur,ice-body,115,3,True
10168,mr-mime-galar,ice-body,115,3,True
10243,avalugg-hisui,ice-body,115,2,False
323,camerupt,solid-rock,116,2,False
464,rhyperior,solid-rock,116,2,False
564,tirtouga,solid-rock,116,1,False
565,carracosta,solid-rock,116,1,False
459,snover,snow-warning,117,1,False
460,abomasnow,snow-warning,117,1,False
584,vanilluxe,snow-warning,117,2,False
698,amaura,snow-warning,117,3,True
699,aurorus,snow-warning,117,3,True
10060,abomasnow-mega,snow-warning,117,1,False
10103,vulpix-alola,snow-warning,117,3,True
10104,ninetales-alola,snow-warning,117,3,True
10285,froslass-mega,snow-warning,117,1,False
216,teddiursa,honey-gather,118,3,True
415,combee,honey-gather,118,1,False
742,cutiefly,honey-gather,118,1,False
743,ribombee,honey-gather,118,1,False
10150,ribombee-totem,honey-gather,118,1,False
40,wigglytuff,frisk,119,3,True
161,sentret,frisk,119,3,True
162,furret,frisk,119,3,True
193,yanma,frisk,119,3,True
234,stantler,frisk,119,2,False
353,shuppet,frisk,119,2,False
354,banette,frisk,119,2,False
355,duskull,frisk,119,3,True
356,dusclops,frisk,119,3,True
469,yanmega,frisk,119,3,True
477,dusknoir,frisk,119,3,True
574,gothita,frisk,119,1,False
575,gothorita,frisk,119,1,False
576,gothitelle,frisk,119,1,False
708,phantump,frisk,119,2,False
709,trevenant,frisk,119,2,False
710,pumpkaboo-average,frisk,119,2,False
711,gourgeist-average,frisk,119,2,False
714,noibat,frisk,119,1,False
715,noivern,frisk,119,1,False
826,orbeetle,frisk,119,2,False
859,impidimp,frisk,119,2,False
860,morgrem,frisk,119,2,False
861,grimmsnarl,frisk,119,2,False
899,wyrdeer,frisk,119,2,False
955,flittle,frisk,119,2,False
956,espathra,frisk,119,2,False
1015,munkidori,frisk,119,3,True
10027,pumpkaboo-small,frisk,119,2,False
10028,pumpkaboo-large,frisk,119,2,False
10029,pumpkaboo-super,frisk,119,2,False
10030,gourgeist-small,frisk,119,2,False
10031,gourgeist-large,frisk,119,2,False
10032,gourgeist-super,frisk,119,2,False
10114,exeggutor-alola,frisk,119,1,False
10213,orbeetle-gmax,frisk,119,2,False
10222,grimmsnarl-gmax,frisk,119,2,False
10233,typhlosion-hisui,frisk,119,3,True
106,hitmonlee,reckless,120,2,False
111,rhyhorn,reckless,120,3,True
112,rhydon,reckless,120,3,True
396,starly,reckless,120,3,True
397,staravia,reckless,120,3,True
398,staraptor,reckless,120,3,True
464,rhyperior,reckless,120,3,True
500,emboar,reckless,120,3,True
550,basculin-red-striped,reckless,120,1,False
619,mienfoo,reckless,120,3,True
620,mienshao,reckless,120,3,True
626,bouffalant,reckless,120,1,False
862,obstagoon,reckless,120,1,False
493,arceus,multitype,121,1,False
421,cherrim,flower-gift,122,1,False
491,darkrai,bad-dreams,123,1,False
215,sneasel,pickpocket,124,3,True
273,seedot,pickpocket,124,3,True
274,nuzleaf,pickpocket,124,3,True
275,shiftry,pickpocket,124,3,True
461,weavile,pickpocket,124,3,True
688,binacle,pickpocket,124,3,True
689,barbaracle,pickpocket,124,3,True
859,impidimp,pickpocket,124,3,True
860,morgrem,pickpocket,124,3,True
861,grimmsnarl,pickpocket,124,3,True
944,shroodle,pickpocket,124,2,False
957,tinkatink,pickpocket,124,3,True
958,tinkatuff,pickpocket,124,3,True
959,tinkaton,pickpocket,124,3,True
10222,grimmsnarl-gmax,pickpocket,124,3,True
10235,sneasel-hisui,pickpocket,124,3,True
31,nidoqueen,sheer-force,125,3,True
34,nidoking,sheer-force,125,3,True
98,krabby,sheer-force,125,3,True
99,kingler,sheer-force,125,3,True
128,tauros,sheer-force,125,3,True
158,totodile,sheer-force,125,3,True
159,croconaw,sheer-force,125,3,True
160,feraligatr,sheer-force,125,3,True
208,steelix,sheer-force,125,3,True
296,makuhita,sheer-force,125,3,True
297,hariyama,sheer-force,125,3,True
303,mawile,sheer-force,125,3,True
328,trapinch,sheer-force,125,3,True
371,bagon,sheer-force,125,3,True
408,cranidos,sheer-force,125,3,True
409,rampardos,sheer-force,125,3,True
532,timburr,sheer-force,125,2,False
533,gurdurr,sheer-force,125,2,False
534,conkeldurr,sheer-force,125,2,False
555,darmanitan-standard,sheer-force,125,1,False
621,druddigon,sheer-force,125,2,False
627,rufflet,sheer-force,125,2,False
628,braviary,sheer-force,125,2,False
645,landorus-incarnate,sheer-force,125,3,True
733,toucannon,sheer-force,125,3,True
878,cufant,sheer-force,125,1,False
879,copperajah,sheer-force,125,1,False
900,kleavor,sheer-force,125,2,False
974,cetoddle,sheer-force,125,3,True
975,cetitan,sheer-force,125,3,True
10017,darmanitan-zen,sheer-force,125,1,False
10087,camerupt-mega,sheer-force,125,1,False
10203,kingler-gmax,sheer-force,125,3,True
10224,copperajah-gmax,sheer-force,125,1,False
10240,braviary-hisui,sheer-force,125,2,False
10261,squawkabilly-yellow-plumage,sheer-force,125,3,True
10262,squawkabilly-white-plumage,sheer-force,125,3,True
213,shuckle,contrary,126,3,True
327,spinda,contrary,126,3,True
495,snivy,contrary,126,3,True
496,servine,contrary,126,3,True
497,serperior,contrary,126,3,True
686,inkay,contrary,126,1,False
687,malamar,contrary,126,1,False
753,fomantis,contrary,126,3,True
754,lurantis,contrary,126,3,True
905,enamorus-incarnate,contrary,126,3,True
10128,lurantis-totem,contrary,126,3,True
23,ekans,unnerve,127,3,True
24,arbok,unnerve,127,3,True
52,meowth,unnerve,127,3,True
53,persian,unnerve,127,3,True
142,aerodactyl,unnerve,127,3,True
150,mewtwo,unnerve,127,3,True
217,ursaring,unnerve,127,3,True
228,houndour,unnerve,127,3,True
229,houndoom,unnerve,127,3,True
248,tyranitar,unnerve,127,3,True
284,masquerain,unnerve,127,3,True
416,vespiquen,unnerve,127,3,True
595,joltik,unnerve,127,2,False
596,galvantula,unnerve,127,2,False
610,axew,unnerve,127,3,True
611,fraxure,unnerve,127,3,True
612,haxorus,unnerve,127,3,True
667,litleo,unnerve,127,2,False
668,pyroar-male,unnerve,127,2,False
760,bewear,unnerve,127,3,True
821,rookidee,unnerve,127,2,False
822,corvisquire,unnerve,127,2,False
823,corviknight,unnerve,127,2,False
898,calyrex,unnerve,127,1,False
901,ursaluna,unnerve,127,3,True
10161,meowth-galar,unnerve,127,3,True
10200,meowth-gmax,unnerve,127,3,True
10212,corviknight-gmax,unnerve,127,2,False
56,mankey,defiant,128,3,True
57,primeape,defiant,128,3,True
83,farfetchd,defiant,128,3,True
432,purugly,defiant,128,3,True
624,pawniard,defiant,128,1,False
625,bisharp,defiant,128,1,False
628,braviary,defiant,128,3,True
641,tornadus-incarnate,defiant,128,3,True
642,thundurus-incarnate,defiant,128,3,True
766,passimian,defiant,128,3,True
862,obstagoon,defiant,128,3,True
870,falinks,defiant,128,3,True
979,annihilape,defiant,128,3,True
983,kingambit,defiant,128,1,False
1017,ogerpon,defiant,128,1,False
10170,zapdos-galar,defiant,128,1,False
566,archen,defeatist,129,1,False
567,archeops,defeatist,129,1,False
94,gengar,cursed-body,130,1,False
353,shuppet,cursed-body,130,3,True
354,banette,cursed-body,130,3,True
478,froslass,cursed-body,130,3,True
592,frillish-male,cursed-body,130,2,False
593,jellicent-male,cursed-body,130,2,False
854,sinistea,cursed-body,130,3,True
855,polteageist,cursed-body,130,3,True
885,dreepy,cursed-body,130,3,True
886,drakloak,cursed-body,130,3,True
887,dragapult,cursed-body,130,3,True
10115,marowak-alola,cursed-body,130,1,False
10149,marowak-totem,cursed-body,130,1,False
10173,corsola-galar,cursed-body,130,3,True
10202,gengar-gmax,cursed-body,130,1,False
113,chansey,healer,131,3,True
182,bellossom,healer,131,3,True
242,blissey,healer,131,3,True
531,audino,healer,131,1,False
594,alomomola,healer,131,1,False
682,spritzee,healer,131,1,False
683,aromatisse,healer,131,1,False
856,hatenna,healer,131,1,False
857,hattrem,healer,131,1,False
858,hatterene,healer,131,1,False
10069,audino-mega,healer,131,1,False
10221,hatterene-gmax,healer,131,1,False
35,clefairy,friend-guard,132,3,True
39,jigglypuff,friend-guard,132,3,True
173,cleffa,friend-guard,132,3,True
174,igglybuff,friend-guard,132,3,True
440,happiny,friend-guard,132,3,True
664,scatterbug,friend-guard,132,3,True
665,spewpa,friend-guard,132,3,True
666,vivillon,friend-guard,132,3,True
925,maushold-family-of-four,friend-guard,132,1,False
10257,maushold-family-of-three,friend-guard,132,1,False
95,onix,weak-armor,133,3,True
138,omanyte,weak-armor,133,3,True
139,omastar,weak-armor,133,3,True
140,kabuto,weak-armor,133,3,True
141,kabutops,weak-armor,133,3,True
218,slugma,weak-armor,133,3,True
219,magcargo,weak-armor,133,3,True
227,skarmory,weak-armor,133,3,True
524,roggenrola,weak-armor,133,2,False
525,boldore,weak-armor,133,2,False
557,dwebble,weak-armor,133,3,True
558,crustle,weak-armor,133,3,True
569,garbodor,weak-armor,133,2,False
582,vanillite,weak-armor,133,3,True
583,vanillish,weak-armor,133,3,True
584,vanilluxe,weak-armor,133,3,True
629,vullaby,weak-armor,133,3,True
630,mandibuzz,weak-armor,133,3,True
854,sinistea,weak-armor,133,1,False
855,polteageist,weak-armor,133,1,False
864,cursola,weak-armor,133,1,False
936,armarouge,weak-armor,133,3,True
937,ceruledge,weak-armor,133,3,True
10173,corsola-galar,weak-armor,133,1,False
10207,garbodor-gmax,weak-armor,133,2,False
304,aron,heavy-metal,134,3,True
305,lairon,heavy-metal,134,3,True
306,aggron,heavy-metal,134,3,True
436,bronzor,heavy-metal,134,3,True
437,bronzong,heavy-metal,134,3,True
878,cufant,heavy-metal,134,3,True
879,copperajah,heavy-metal,134,3,True
884,duraludon,heavy-metal,134,2,False
10224,copperajah-gmax,heavy-metal,134,3,True
10225,duraludon-gmax,heavy-metal,134,2,False
212,scizor,light-metal,135,3,True
374,beldum,light-metal,135,3,True
375,metang,light-metal,135,3,True
376,metagross,light-metal,135,3,True
379,registeel,light-metal,135,3,True
884,duraludon,light-metal,135,1,False
10225,duraludon-gmax,light-metal,135,1,False
149,dragonite,multiscale,136,3,True
249,lugia,multiscale,136,3,True
10281,dragonite-mega,multiscale,136,1,False
335,zangoose,toxic-boost,137,3,True
425,drifloon,flare-boost,138,3,True
426,drifblim,flare-boost,138,3,True
102,exeggcute,harvest,139,3,True
103,exeggutor,harvest,139,3,True
357,tropius,harvest,139,3,True
708,phantump,harvest,139,3,True
709,trevenant,harvest,139,3,True
928,smoliv,harvest,139,3,True
929,dolliv,harvest,139,3,True
930,arboliva,harvest,139,3,True
10114,exeggutor-alola,harvest,139,3,True
202,wobbuffet,telepathy,140,3,True
280,ralts,telepathy,140,3,True
281,kirlia,telepathy,140,3,True
282,gardevoir,telepathy,140,3,True
307,meditite,telepathy,140,3,True
308,medicham,telepathy,140,3,True
360,wynaut,telepathy,140,3,True
483,dialga,telepathy,140,3,True
484,palkia,telepathy,140,3,True
487,giratina-altered,telepathy,140,3,True
517,munna,telepathy,140,3,True
518,musharna,telepathy,140,3,True
605,elgyem,telepathy,140,1,False
606,beheeyem,telepathy,140,1,False
714,noibat,telepathy,140,3,True
715,noivern,telepathy,140,3,True
765,oranguru,telepathy,140,2,False
785,tapu-koko,telepathy,140,3,True
786,tapu-lele,telepathy,140,3,True
787,tapu-bulu,telepathy,140,3,True
788,tapu-fini,telepathy,140,3,True
824,blipbug,telepathy,140,3,True
825,dottler,telepathy,140,3,True
826,orbeetle,telepathy,140,3,True
954,rabsca,telepathy,140,3,True
10213,orbeetle-gmax,telepathy,140,3,True
10245,dialga-origin,telepathy,140,3,True
10246,palkia-origin,telepathy,140,3,True
223,remoraid,moody,141,3,True
224,octillery,moody,141,3,True
235,smeargle,moody,141,3,True
361,snorunt,moody,141,3,True
362,glalie,moody,141,3,True
399,bidoof,moody,141,3,True
400,bibarel,moody,141,3,True
952,scovillain,moody,141,3,True
90,shellder,overcoat,142,3,True
91,cloyster,overcoat,142,3,True
204,pineco,overcoat,142,3,True
205,forretress,overcoat,142,3,True
372,shelgon,overcoat,142,3,True
412,burmy,overcoat,142,3,True
413,wormadam-plant,overcoat,142,3,True
540,sewaddle,overcoat,142,3,True
541,swadloon,overcoat,142,3,True
542,leavanny,overcoat,142,3,True
577,solosis,overcoat,142,1,False
578,duosion,overcoat,142,1,False
579,reuniclus,overcoat,142,1,False
589,escavalier,overcoat,142,3,True
616,shelmet,overcoat,142,3,True
629,vullaby,overcoat,142,2,False
630,mandibuzz,overcoat,142,2,False
782,jangmo-o,overcoat,142,3,True
783,hakamo-o,overcoat,142,3,True
784,kommo-o,overcoat,142,3,True
965,varoom,overcoat,142,1,False
966,revavroom,overcoat,142,1,False
10004,wormadam-sandy,overcoat,142,3,True
10005,wormadam-trash,overcoat,142,3,True
10146,kommo-o-totem,overcoat,142,3,True
10249,enamorus-therian,overcoat,142,1,False
88,grimer,poison-touch,143,3,True
89,muk,poison-touch,143,3,True
453,croagunk,poison-touch,143,3,True
454,toxicroak,poison-touch,143,3,True
537,seismitoad,poison-touch,143,2,False
690,skrelp,poison-touch,143,2,False
691,dragalge,poison-touch,143,2,False
903,sneasler,poison-touch,143,3,True
945,grafaiai,poison-touch,143,2,False
10112,grimer-alola,poison-touch,143,1,False
10113,muk-alola,poison-touch,143,1,False
79,slowpoke,regenerator,144,3,True
80,slowbro,regenerator,144,3,True
114,tangela,regenerator,144,3,True
199,slowking,regenerator,144,3,True
222,corsola,regenerator,144,3,True
250,ho-oh,regenerator,144,3,True
465,tangrowth,regenerator,144,3,True
531,audino,regenerator,144,2,False
577,solosis,regenerator,144,3,True
578,duosion,regenerator,144,3,True
579,reuniclus,regenerator,144,3,True
590,foongus,regenerator,144,3,True
591,amoonguss,regenerator,144,3,True
594,alomomola,regenerator,144,3,True
619,mienfoo,regenerator,144,2,False
620,mienshao,regenerator,144,2,False
747,mareanie,regenerator,144,3,True
748,toxapex,regenerator,144,3,True
829,gossifleur,regenerator,144,2,False
830,eldegoss,regenerator,144,2,False
950,klawf,regenerator,144,3,True
967,cyclizar,regenerator,144,3,True
1019,hydrapple,regenerator,144,2,False
10019,tornadus-therian,regenerator,144,1,False
10164,slowpoke-galar,regenerator,144,3,True
10165,slowbro-galar,regenerator,144,3,True
10172,slowking-galar,regenerator,144,3,True
16,pidgey,big-pecks,145,3,True
17,pidgeotto,big-pecks,145,3,True
18,pidgeot,big-pecks,145,3,True
441,chatot,big-pecks,145,3,True
519,pidove,big-pecks,145,1,False
520,tranquill,big-pecks,145,1,False
521,unfezant,big-pecks,145,1,False
580,ducklett,big-pecks,145,2,False
581,swanna,big-pecks,145,2,False
629,vullaby,big-pecks,145,1,False
630,mandibuzz,big-pecks,145,1,False
661,fletchling,big-pecks,145,1,False
821,rookidee,big-pecks,145,3,True
822,corvisquire,big-pecks,145,3,True
962,bombirdier,big-pecks,145,1,False
27,sandshrew,sand-rush,146,3,True
28,sandslash,sand-rush,146,3,True
507,herdier,sand-rush,146,2,False
508,stoutland,sand-rush,146,2,False
529,drilbur,sand-rush,146,1,False
530,excadrill,sand-rush,146,1,False
745,lycanroc-midday,sand-rush,146,2,False
880,dracozolt,sand-rush,146,3,True
882,dracovish,sand-rush,146,3,True
972,houndstone,sand-rush,146,1,False
49,venomoth,wonder-skin,147,3,True
300,skitty,wonder-skin,147,3,True
301,delcatty,wonder-skin,147,3,True
561,sigilyph,wonder-skin,147,1,False
779,bruxish,wonder-skin,147,3,True
81,magnemite,analytic,148,3,True
82,magneton,analytic,148,3,True
120,staryu,analytic,148,3,True
121,starmie,analytic,148,3,True
137,porygon,analytic,148,3,True
233,porygon2,analytic,148,3,True
462,magnezone,analytic,148,3,True
474,porygon-z,analytic,148,3,True
504,patrat,analytic,148,3,True
505,watchog,analytic,148,3,True
605,elgyem,analytic,148,3,True
606,beheeyem,analytic,148,3,True
570,zorua,illusion,149,1,False
571,zoroark,illusion,149,1,False
10238,zorua-hisui,illusion,149,1,False
10239,zoroark-hisui,illusion,149,1,False
132,ditto,imposter,150,3,True
41,zubat,infiltrator,151,3,True
42,golbat,infiltrator,151,3,True
169,crobat,infiltrator,151,3,True
187,hoppip,infiltrator,151,3,True
188,skiploom,infiltrator,151,3,True
189,jumpluff,infiltrator,151,3,True
291,ninjask,infiltrator,151,3,True
336,seviper,infiltrator,151,3,True
442,spiritomb,infiltrator,151,3,True
546,cottonee,infiltrator,151,2,False
547,whimsicott,infiltrator,151,2,False
607,litwick,infiltrator,151,3,True
608,lampent,infiltrator,151,3,True
609,chandelure,infiltrator,151,3,True
677,espurr,infiltrator,151,2,False
678,meowstic-male,infiltrator,151,2,False
686,inkay,infiltrator,151,3,True
687,malamar,infiltrator,151,3,True
714,noibat,infiltrator,151,2,False
715,noivern,infiltrator,151,2,False
885,dreepy,infiltrator,151,2,False
886,drakloak,infiltrator,151,2,False
887,dragapult,infiltrator,151,2,False
946,bramblin,infiltrator,151,3,True
947,brambleghast,infiltrator,151,3,True
10025,meowstic-female,infiltrator,151,2,False
10291,chandelure-mega,infiltrator,151,1,False
562,yamask,mummy,152,1,False
563,cofagrigus,mummy,152,1,False
127,pinsir,moxie,153,3,True
130,gyarados,moxie,153,3,True
214,heracross,moxie,153,3,True
262,mightyena,moxie,153,3,True
373,salamence,moxie,153,3,True
430,honchkrow,moxie,153,3,True
551,sandile,moxie,153,2,False
552,krokorok,moxie,153,2,False
553,krookodile,moxie,153,2,False
559,scraggy,moxie,153,2,False
560,scrafty,moxie,153,2,False
667,litleo,moxie,153,3,True
668,pyroar-male,moxie,153,3,True
912,quaxly,moxie,153,3,True
913,quaxwell,moxie,153,3,True
914,quaquaval,moxie,153,3,True
58,growlithe,justified,154,3,True
59,arcanine,justified,154,3,True
359,absol,justified,154,3,True
448,lucario,justified,154,3,True
475,gallade,justified,154,3,True
638,cobalion,justified,154,1,False
639,terrakion,justified,154,1,False
640,virizion,justified,154,1,False
647,keldeo-ordinary,justified,154,1,False
10024,keldeo-resolute,justified,154,1,False
129,magikarp,rattled,155,3,True
165,ledyba,rattled,155,3,True
185,sudowoodo,rattled,155,3,True
206,dunsparce,rattled,155,3,True
209,snubbull,rattled,155,3,True
210,granbull,rattled,155,3,True
261,poochyena,rattled,155,3,True
293,whismur,rattled,155,3,True
366,clamperl,rattled,155,3,True
438,bonsly,rattled,155,3,True
613,cubchoo,rattled,155,3,True
835,yamper,rattled,155,3,True
848,toxel,rattled,155,1,False
960,wiglett,rattled,155,2,False
961,wugtrio,rattled,155,2,False
982,dudunsparce-two-segment,rattled,155,3,True
999,gimmighoul,rattled,155,1,False
10107,meowth-alola,rattled,155,3,True
10108,persian-alola,rattled,155,3,True
10247,basculin-white-striped,rattled,155,1,False
10255,dudunsparce-three-segment,rattled,155,3,True
177,natu,magic-bounce,156,3,True
178,xatu,magic-bounce,156,3,True
196,espeon,magic-bounce,156,3,True
856,hatenna,magic-bounce,156,3,True
857,hattrem,magic-bounce,156,3,True
858,hatterene,magic-bounce,156,3,True
10057,absol-mega,magic-bounce,156,1,False
10066,sableye-mega,magic-bounce,156,1,False
10075,diancie-mega,magic-bounce,156,1,False
10221,hatterene-gmax,magic-bounce,156,3,True
10278,clefable-mega,magic-bounce,156,1,False
183,marill,sap-sipper,157,3,True
184,azumarill,sap-sipper,157,3,True
203,girafarig,sap-sipper,157,3,True
234,stantler,sap-sipper,157,3,True
241,miltank,sap-sipper,157,3,True
298,azurill,sap-sipper,157,3,True
522,blitzle,sap-sipper,157,3,True
523,zebstrika,sap-sipper,157,3,True
585,deerling,sap-sipper,157,2,False
586,sawsbuck,sap-sipper,157,2,False
626,bouffalant,sap-sipper,157,2,False
672,skiddo,sap-sipper,157,1,False
673,gogoat,sap-sipper,157,1,False
704,goomy,sap-sipper,157,1,False
705,sliggoo,sap-sipper,157,1,False
706,goodra,sap-sipper,157,1,False
780,drampa,sap-sipper,157,2,False
899,wyrdeer,sap-sipper,157,3,True
981,farigiraf,sap-sipper,157,3,True
10241,sliggoo-hisui,sap-sipper,157,1,False
10242,goodra-hisui,sap-sipper,157,1,False
198,murkrow,prankster,158,3,True
302,sableye,prankster,158,3,True
313,volbeat,prankster,158,3,True
314,illumise,prankster,158,3,True
447,riolu,prankster,158,3,True
509,purrloin,prankster,158,3,True
510,liepard,prankster,158,3,True
546,cottonee,prankster,158,1,False
547,whimsicott,prankster,158,1,False
641,tornadus-incarnate,prankster,158,1,False
642,thundurus-incarnate,prankster,158,1,False
678,meowstic-male,prankster,158,3,True
707,klefki,prankster,158,1,False
859,impidimp,prankster,158,1,False
860,morgrem,prankster,158,1,False
861,grimmsnarl,prankster,158,1,False
944,shroodle,prankster,158,3,True
945,grafaiai,prankster,158,3,True
10056,banette-mega,prankster,158,1,False
10222,grimmsnarl-gmax,prankster,158,1,False
50,diglett,sand-force,159,3,True
51,dugtrio,sand-force,159,3,True
299,nosepass,sand-force,159,3,True
422,shellos,sand-force,159,3,True
423,gastrodon,sand-force,159,3,True
449,hippopotas,sand-force,159,3,True
450,hippowdon,sand-force,159,3,True
476,probopass,sand-force,159,3,True
524,roggenrola,sand-force,159,3,True
525,boldore,sand-force,159,3,True
526,gigalith,sand-force,159,3,True
529,drilbur,sand-force,159,2,False
530,excadrill,sand-force,159,2,False
645,landorus-incarnate,sand-force,159,1,False
10058,garchomp-mega,sand-force,159,1,False
10072,steelix-mega,sand-force,159,1,False
10105,diglett-alola,sand-force,159,3,True
10106,dugtrio-alola,sand-force,159,3,True
597,ferroseed,iron-barbs,160,1,False
598,ferrothorn,iron-barbs,160,1,False
777,togedemaru,iron-barbs,160,1,False
10154,togedemaru-totem,iron-barbs,160,1,False
555,darmanitan-standard,zen-mode,161,3,True
10017,darmanitan-zen,zen-mode,161,3,True
10177,darmanitan-galar-standard,zen-mode,161,3,True
10178,darmanitan-galar-zen,zen-mode,161,3,True
494,victini,victory-star,162,1,False
643,reshiram,turboblaze,163,1,False
10023,kyurem-white,turboblaze,163,1,False
644,zekrom,teravolt,164,1,False
10022,kyurem-black,teravolt,164,1,False
682,spritzee,aroma-veil,165,3,True
683,aromatisse,aroma-veil,165,3,True
868,milcery,aroma-veil,165,3,True
869,alcremie,aroma-veil,165,3,True
915,lechonk,aroma-veil,165,1,False
927,dachsbun,aroma-veil,165,3,True
10223,alcremie-gmax,aroma-veil,165,3,True
10254,oinkologne-female,aroma-veil,165,1,False
669,flabebe,flower-veil,166,1,False
670,floette,flower-veil,166,1,False
671,florges,flower-veil,166,1,False
764,comfey,flower-veil,166,1,False
10061,floette-eternal,flower-veil,166,1,False
659,bunnelby,cheek-pouch,167,2,False
660,diggersby,cheek-pouch,167,2,False
702,dedenne,cheek-pouch,167,1,False
819,skwovet,cheek-pouch,167,1,False
820,greedent,cheek-pouch,167,1,False
925,maushold-family-of-four,cheek-pouch,167,2,False
10257,maushold-family-of-three,cheek-pouch,167,2,False
352,kecleon,protean,168,3,True
656,froakie,protean,168,3,True
657,frogadier,protean,168,3,True
658,greninja,protean,168,3,True
906,sprigatito,protean,168,3,True
907,floragato,protean,168,3,True
908,meowscarada,protean,168,3,True
10294,greninja-mega,protean,168,1,False
676,furfrou,fur-coat,169,1,False
10108,persian-alola,fur-coat,169,1,False
653,fennekin,magician,170,3,True
654,braixen,magician,170,3,True
655,delphox,magician,170,3,True
707,klefki,magician,170,3,True
720,hoopa,magician,170,1,False
10086,hoopa-unbound,magician,170,1,False
650,chespin,bulletproof,171,3,True
651,quilladin,bulletproof,171,3,True
652,chesnaught,bulletproof,171,3,True
782,jangmo-o,bulletproof,171,1,False
783,hakamo-o,bulletproof,171,1,False
784,kommo-o,bulletproof,171,1,False
831,wooloo,bulletproof,171,3,True
832,dubwool,bulletproof,171,3,True
840,applin,bulletproof,171,3,True
901,ursaluna,bulletproof,171,2,False
10146,kommo-o-totem,bulletproof,171,1,False
10292,chesnaught-mega,bulletproof,171,1,False
39,jigglypuff,competitive,172,2,False
40,wigglytuff,competitive,172,2,False
174,igglybuff,competitive,172,2,False
350,milotic,competitive,172,2,False
393,piplup,competitive,172,3,True
394,prinplup,competitive,172,3,True
395,empoleon,competitive,172,3,True
574,gothita,competitive,172,2,False
575,gothorita,competitive,172,2,False
576,gothitelle,competitive,172,2,False
836,boltund,competitive,172,3,True
940,wattrel,competitive,172,3,True
941,kilowattrel,competitive,172,3,True
10025,meowstic-female,competitive,172,3,True
10169,articuno-galar,competitive,172,1,False
696,tyrunt,strong-jaw,173,1,False
697,tyrantrum,strong-jaw,173,1,False
734,yungoos,strong-jaw,173,2,False
735,gumshoos,strong-jaw,173,2,False
779,bruxish,strong-jaw,173,2,False
833,chewtle,strong-jaw,173,1,False
834,drednaw,strong-jaw,173,1,False
836,boltund,strong-jaw,173,1,False
882,dracovish,strong-jaw,173,2,False
10070,sharpedo-mega,strong-jaw,173,1,False
10121,gumshoos-totem,strong-jaw,173,2,False
10214,drednaw-gmax,strong-jaw,173,1,False
10243,avalugg-hisui,strong-jaw,173,1,False
698,amaura,refrigerate,174,1,False
699,aurorus,refrigerate,174,1,False
10074,glalie-mega,refrigerate,174,1,False
684,swirlix,sweet-veil,175,1,False
685,slurpuff,sweet-veil,175,1,False
742,cutiefly,sweet-veil,175,3,True
743,ribombee,sweet-veil,175,3,True
761,bounsweet,sweet-veil,175,3,True
762,steenee,sweet-veil,175,3,True
763,tsareena,sweet-veil,175,3,True
868,milcery,sweet-veil,175,1,False
869,alcremie,sweet-veil,175,1,False
10150,ribombee-totem,sweet-veil,175,3,True
10223,alcremie-gmax,sweet-veil,175,1,False
681,aegislash-shield,stance-change,176,1,False
10026,aegislash-blade,stance-change,176,1,False
661,fletchling,gale-wings,177,3,True
662,fletchinder,gale-wings,177,3,True
663,talonflame,gale-wings,177,3,True
692,clauncher,mega-launcher,178,1,False
693,clawitzer,mega-launcher,178,1,False
10036,blastoise-mega,mega-launcher,178,1,False
672,skiddo,grass-pelt,179,3,True
673,gogoat,grass-pelt,179,3,True
669,flabebe,symbiosis,180,3,True
670,floette,symbiosis,180,3,True
671,florges,symbiosis,180,3,True
765,oranguru,symbiosis,180,3,True
10061,floette-eternal,symbiosis,180,3,True
688,binacle,tough-claws,181,1,False
689,barbaracle,tough-claws,181,1,False
863,perrserker,tough-claws,181,2,False
10034,charizard-mega-x,tough-claws,181,1,False
10042,aerodactyl-mega,tough-claws,181,1,False
10076,metagross-mega,tough-claws,181,1,False
10152,lycanroc-dusk,tough-claws,181,1,False
10161,meowth-galar,tough-claws,181,2,False
700,sylveon,pixilate,182,3,True
10051,gardevoir-mega,pixilate,182,1,False
10067,altaria-mega,pixilate,182,1,False
704,goomy,gooey,183,3,True
705,sliggoo,gooey,183,3,True
706,goodra,gooey,183,3,True
960,wiglett,gooey,183,1,False
961,wugtrio,gooey,183,1,False
10241,sliggoo-hisui,gooey,183,3,True
10242,goodra-hisui,gooey,183,3,True
10040,pinsir-mega,aerilate,184,1,False
10089,salamence-mega,aerilate,184,1,False
10039,kangaskhan-mega,parental-bond,185,1,False
717,yveltal,dark-aura,186,1,False
716,xerneas,fairy-aura,187,1,False
10296,floette-mega,fairy-aura,187,1,False
718,zygarde-50,aura-break,188,1,False
10181,zygarde-10,aura-break,188,1,False
10077,kyogre-primal,primordial-sea,189,1,False
10078,groudon-primal,desolate-land,190,1,False
10079,rayquaza-mega,delta-stream,191,1,False
749,mudbray,stamina,192,2,False
750,mudsdale,stamina,192,2,False
1018,archaludon,stamina,192,1,False
767,wimpod,wimp-out,193,1,False
768,golisopod,emergency-exit,194,1,False
769,sandygast,water-compaction,195,1,False
770,palossand,water-compaction,195,1,False
747,mareanie,merciless,196,1,False
748,toxapex,merciless,196,1,False
774,minior-red-meteor,shields-down,197,1,False
10130,minior-orange-meteor,shields-down,197,1,False
10131,minior-yellow-meteor,shields-down,197,1,False
10132,minior-green-meteor,shields-down,197,1,False
10133,minior-blue-meteor,shields-down,197,1,False
10134,minior-indigo-meteor,shields-down,197,1,False
10135,minior-violet-meteor,shields-down,197,1,False
10136,minior-red,shields-down,197,1,False
10137,minior-orange,shields-down,197,1,False
10138,minior-yellow,shields-down,197,1,False
10139,minior-green,shields-down,197,1,False
10140,minior-blue,shields-down,197,1,False
10141,minior-indigo,shields-down,197,1,False
10142,minior-violet,shields-down,197,1,False
734,yungoos,stakeout,198,1,False
735,gumshoos,stakeout,198,1,False
827,nickit,stakeout,198,3,True
828,thievul,stakeout,198,3,True
917,tarountula,stakeout,198,3,True
918,spidops,stakeout,198,3,True
942,maschiff,stakeout,198,3,True
943,mabosstiff,stakeout,198,3,True
10121,gumshoos-totem,stakeout,198,1,False
751,dewpider,water-bubble,199,1,False
752,araquanid,water-bubble,199,1,False
10153,araquanid-totem,water-bubble,199,1,False
781,dhelmise,steelworker,200,1,False
780,drampa,berserk,201,1,False
10171,moltres-galar,berserk,201,1,False
10302,drampa-mega,berserk,201,1,False
613,cubchoo,slush-rush,202,2,False
614,beartic,slush-rush,202,2,False
881,arctozolt,slush-rush,202,3,True
883,arctovish,slush-rush,202,3,True
975,cetitan,slush-rush,202,2,False
10101,sandshrew-alola,slush-rush,202,3,True
10102,sandslash-alola,slush-rush,202,3,True
722,rowlet,long-reach,203,3,True
723,dartrix,long-reach,203,3,True
724,decidueye,long-reach,203,3,True
728,popplio,liquid-voice,204,3,True
729,brionne,liquid-voice,204,3,True
730,primarina,liquid-voice,204,3,True
764,comfey,triage,205,2,False
10109,geodude-alola,galvanize,206,3,True
10110,graveler-alola,galvanize,206,3,True
10111,golem-alola,galvanize,206,3,True
10100,raichu-alola,surge-surfer,207,1,False
746,wishiwashi-solo,schooling,208,1,False
10127,wishiwashi-school,schooling,208,1,False
778,mimikyu-disguised,disguise,209,1,False
10143,mimikyu-busted,disguise,209,1,False
10144,mimikyu-totem-disguised,disguise,209,1,False
10145,mimikyu-totem-busted,disguise,209,1,False
10116,greninja-battle-bond,battle-bond,210,1,False
10117,greninja-ash,battle-bond,210,1,False
10118,zygarde-10-power-construct,power-construct,211,1,False
10119,zygarde-50-power-construct,power-construct,211,1,False
10120,zygarde-complete,power-construct,211,1,False
757,salandit,corrosion,212,1,False
758,salazzle,corrosion,212,1,False
969,glimmet,corrosion,212,3,True
970,glimmora,corrosion,212,3,True
10129,salazzle-totem,corrosion,212,1,False
775,komala,comatose,213,1,False
763,tsareena,queenly-majesty,214,2,False
771,pyukumuku,innards-out,215,1,False
10279,victreebel-mega,innards-out,215,1,False
741,oricorio-baile,dancer,216,1,False
10123,oricorio-pom-pom,dancer,216,1,False
10124,oricorio-pau,dancer,216,1,False
10125,oricorio-sensu,dancer,216,1,False
737,charjabug,battery,217,1,False
759,stufful,fluffy,218,1,False
760,bewear,fluffy,218,1,False
831,wooloo,fluffy,218,1,False
832,dubwool,fluffy,218,1,False
971,greavard,fluffy,218,3,True
972,houndstone,fluffy,218,3,True
779,bruxish,dazzling,219,1,False
801,magearna,soul-heart,220,1,False
10147,magearna-original,soul-heart,220,1,False
10105,diglett-alola,tangling-hair,221,2,False
10106,dugtrio-alola,tangling-hair,221,2,False
766,passimian,receiver,222,1,False
10112,grimer-alola,power-of-alchemy,223,3,True
10113,muk-alola,power-of-alchemy,223,3,True
793,nihilego,beast-boost,224,1,False
794,buzzwole,beast-boost,224,1,False
795,pheromosa,beast-boost,224,1,False
796,xurkitree,beast-boost,224,1,False
797,celesteela,beast-boost,224,1,False
798,kartana,beast-boost,224,1,False
799,guzzlord,beast-boost,224,1,False
803,poipole,beast-boost,224,1,False
804,naganadel,beast-boost,224,1,False
805,stakataka,beast-boost,224,1,False
806,blacephalon,beast-boost,224,1,False
773,silvally,rks-system,225,1,False
785,tapu-koko,electric-surge,226,1,False
871,pincurchin,electric-surge,226,3,True
786,tapu-lele,psychic-surge,227,1,False
876,indeedee-male,psychic-surge,227,3,True
10186,indeedee-female,psychic-surge,227,3,True
788,tapu-fini,misty-surge,228,1,False
10167,weezing-galar,misty-surge,228,3,True
787,tapu-bulu,grassy-surge,229,1,False
810,grookey,grassy-surge,229,3,True
811,thwackey,grassy-surge,229,3,True
812,rillaboom,grassy-surge,229,3,True
10209,rillaboom-gmax,grassy-surge,229,3,True
791,solgaleo,full-metal-body,230,1,False
792,lunala,shadow-shield,231,1,False
800,necrozma,prism-armor,232,1,False
10155,necrozma-dusk,prism-armor,232,1,False
10156,necrozma-dawn,prism-armor,232,1,False
10157,necrozma-ultra,neuroforce,233,1,False
888,zacian,intrepid-sword,234,1,False
10188,zacian-crowned,intrepid-sword,234,1,False
889,zamazenta,dauntless-shield,235,1,False
10189,zamazenta-crowned,dauntless-shield,235,1,False
813,scorbunny,libero,236,3,True
814,raboot,libero,236,3,True
815,cinderace,libero,236,3,True
10210,cinderace-gmax,libero,236,3,True
835,yamper,ball-fetch,237,1,False
829,gossifleur,cotton-down,238,1,False
830,eldegoss,cotton-down,238,1,False
846,arrokuda,propeller-tail,239,3,True
847,barraskewda,propeller-tail,239,3,True
823,corviknight,mirror-armor,240,3,True
10212,corviknight-gmax,mirror-armor,240,3,True
845,cramorant,gulp-missile,241,1,False
10182,cramorant-gulping,gulp-missile,241,1,False
10183,cramorant-gorging,gulp-missile,241,1,False
884,duraludon,stalwart,242,3,True
1018,archaludon,stalwart,242,3,True
10225,duraludon-gmax,stalwart,242,3,True
10284,skarmory-mega,stalwart,242,1,False
837,rolycoly,steam-engine,243,1,False
838,carkol,steam-engine,243,1,False
839,coalossal,steam-engine,243,1,False
10215,coalossal-gmax,steam-engine,243,1,False
849,toxtricity-amped,punk-rock,244,1,False
10184,toxtricity-low-key,punk-rock,244,1,False
10219,toxtricity-amped-gmax,punk-rock,244,1,False
10228,toxtricity-low-key-gmax,punk-rock,244,1,False
843,silicobra,sand-spit,245,1,False
844,sandaconda,sand-spit,245,1,False
10218,sandaconda-gmax,sand-spit,245,1,False
872,snom,ice-scales,246,3,True
873,frosmoth,ice-scales,246,3,True
840,applin,ripen,247,1,False
841,flapple,ripen,247,1,False
842,appletun,ripen,247,1,False
10216,flapple-gmax,ripen,247,1,False
10217,appletun-gmax,ripen,247,1,False
875,eiscue-ice,ice-face,248,1,False
10185,eiscue-noice,ice-face,248,1,False
874,stonjourner,power-spot,249,1,False
10180,stunfisk-galar,mimicry,250,1,False
866,mr-rime,screen-cleaner,251,2,False
10168,mr-mime-galar,screen-cleaner,251,2,False
863,perrserker,steely-spirit,252,3,True
864,cursola,perish-body,253,3,True
867,runerigus,wandering-spirit,254,1,False
10179,yamask-galar,wandering-spirit,254,1,False
10177,darmanitan-galar-standard,gorilla-tactics,255,1,False
10178,darmanitan-galar-zen,gorilla-tactics,255,1,False
109,koffing,neutralizing-gas,256,2,False
110,weezing,neutralizing-gas,256,2,False
10167,weezing-galar,neutralizing-gas,256,2,False
10162,ponyta-galar,pastel-veil,257,2,False
10163,rapidash-galar,pastel-veil,257,2,False
877,morpeko-full-belly,hunger-switch,258,1,False
10187,morpeko-hangry,hunger-switch,258,1,False
10165,slowbro-galar,quick-draw,259,1,False
892,urshifu-single-strike,unseen-fist,260,1,False
10191,urshifu-rapid-strike,unseen-fist,260,1,False
10226,urshifu-single-strike-gmax,unseen-fist,260,1,False
10227,urshifu-rapid-strike-gmax,unseen-fist,260,1,False
10313,golurk-mega,unseen-fist,260,1,False
10172,slowking-galar,curious-medicine,261,1,False
894,regieleki,transistor,262,1,False
895,regidrago,dragons-maw,263,1,False
896,glastrier,chilling-neigh,264,1,False
897,spectrier,grim-neigh,265,1,False
10193,calyrex-ice,as-one-glastrier,266,1,False
10194,calyrex-shadow,as-one-spectrier,267,1,False
916,oinkologne-male,lingering-aroma,268,1,False
930,arboliva,seed-sower,269,1,False
996,frigibax,thermal-exchange,270,1,False
997,arctibax,thermal-exchange,270,1,False
998,baxcalibur,thermal-exchange,270,1,False
950,klawf,anger-shell,271,1,False
932,nacli,purifying-salt,272,1,False
933,naclstack,purifying-salt,272,1,False
934,garganacl,purifying-salt,272,1,False
927,dachsbun,well-baked-body,273,1,False
275,shiftry,wind-rider,274,2,False
946,bramblin,wind-rider,274,1,False
947,brambleghast,wind-rider,274,1,False
943,mabosstiff,guard-dog,275,2,False
1014,okidogi,guard-dog,275,3,True
962,bombirdier,rocky-payload,276,3,True
940,wattrel,wind-power,277,1,False
941,kilowattrel,wind-power,277,1,False
964,palafin-zero,zero-to-hero,278,1,False
10256,palafin-hero,zero-to-hero,278,1,False
978,tatsugiri-curly,commander,279,1,False
10258,tatsugiri-droopy,commander,279,1,False
10259,tatsugiri-stretchy,commander,279,1,False
939,bellibolt,electromorphosis,280,1,False
984,great-tusk,protosynthesis,281,1,False
985,scream-tail,protosynthesis,281,1,False
986,brute-bonnet,protosynthesis,281,1,False
987,flutter-mane,protosynthesis,281,1,False
988,slither-wing,protosynthesis,281,1,False
989,sandy-shocks,protosynthesis,281,1,False
1005,roaring-moon,protosynthesis,281,1,False
1009,walking-wake,protosynthesis,281,1,False
1020,gouging-fire,protosynthesis,281,1,False
1021,raging-bolt,protosynthesis,281,1,False
990,iron-treads,quark-drive,282,1,False
991,iron-bundle,quark-drive,282,1,False
992,iron-hands,quark-drive,282,1,False
993,iron-jugulis,quark-drive,282,1,False
994,iron-moth,quark-drive,282,1,False
995,iron-thorns,quark-drive,282,1,False
1006,iron-valiant,quark-drive,282,1,False
1010,iron-leaves,quark-drive,282,1,False
1022,iron-boulder,quark-drive,282,1,False
1023,iron-crown,quark-drive,282,1,False
1000,gholdengo,good-as-gold,283,1,False
1003,ting-lu,vessel-of-ruin,284,1,False
1002,chien-pao,sword-of-ruin,285,1,False
1001,wo-chien,tablets-of-ruin,286,1,False
1004,chi-yu,beads-of-ruin,287,1,False
1007,koraidon,orichalcum-pulse,288,1,False
10264,koraidon-limited-build,orichalcum-pulse,288,1,False
10265,koraidon-sprinting-build,orichalcum-pulse,288,1,False
10266,koraidon-swimming-build,orichalcum-pulse,288,1,False
10267,koraidon-gliding-build,orichalcum-pulse,288,1,False
1008,miraidon,hadron-engine,289,1,False
10268,miraidon-low-power-mode,hadron-engine,289,1,False
10269,miraidon-drive-mode,hadron-engine,289,1,False
10270,miraidon-aquatic-mode,hadron-engine,289,1,False
10271,miraidon-glide-mode,hadron-engine,289,1,False
956,espathra,opportunist,290,1,False
981,farigiraf,cud-chew,291,1,False
10250,tauros-paldea-combat-breed,cud-chew,291,3,True
10251,tauros-paldea-blaze-breed,cud-chew,291,3,True
10252,tauros-paldea-aqua-breed,cud-chew,291,3,True
475,gallade,sharpness,292,2,False
900,kleavor,sharpness,292,3,True
976,veluza,sharpness,292,3,True
10236,samurott-hisui,sharpness,292,3,True
983,kingambit,supreme-overlord,293,2,False
973,flamigo,costar,294,3,True
969,glimmet,toxic-debris,295,1,False
970,glimmora,toxic-debris,295,1,False
981,farigiraf,armor-tail,296,2,False
968,orthworm,earth-eater,297,1,False
948,toedscool,mycelium-might,298,1,False
949,toedscruel,mycelium-might,298,1,False
10272,ursaluna-bloodmoon,minds-eye,299,1,False
1011,dipplin,supersweet-syrup,300,1,False
1019,hydrapple,supersweet-syrup,300,1,False
1012,poltchageist,hospitality,301,1,False
1013,sinistcha,hospitality,301,1,False
1014,okidogi,toxic-chain,302,1,False
1015,munkidori,toxic-chain,302,1,False
1016,fezandipiti,toxic-chain,302,1,False
1024,terapagos,tera-shift,304,1,False
10276,terapagos-terastal,tera-shell,305,1,False
10277,terapagos-stellar,teraform-zero,306,1,False
1025,pecharunt,poison-puppeteer,307,1,False
10287,excadrill-mega,piercing-drill,308,1,False
10283,feraligatr-mega,dragonize,309,1,False
10282,meganium-mega,mega-sol,310,1,False
10320,scovillain-mega,spicy-spray,311,1,False
